date,open,high,low,close,volume,trade_count,vwap,15min_close,is_positive_start,is_positive_end,15min_volume,atr
2019-05-16,229.49,231.0,226.5,228.33,7487322,81277,228.615843,230.0,True,False,549098.0,9.366821428571429
2019-05-17,222.22,222.24,208.92,211.03,17791466,195064,216.258044,218.3337,False,False,306294.0,9.909678571428573
2019-05-20,202.8,206.0,195.25,205.36,20540595,208157,201.552208,200.29,True,True,922427.0,10.52182142857143
2019-05-21,197.96,207.4,196.04,205.08,18014005,168916,202.635642,201.5139,True,True,1074393.0,10.726107142857146
2019-05-22,199.3,203.94,191.78,192.73,18685302,188159,196.496471,199.11,False,False,869305.0,10.738964285714289
2019-05-23,193.95,199.465,186.22,195.49,26562492,237586,194.07671,194.37,False,True,1011392.0,10.74789285714286
2019-05-24,199.96,199.98,188.7505,190.63,14136572,138857,192.46375,191.72,False,False,614657.0,10.846435714285718
2019-05-28,191.11,195.0,187.85,188.7,10313036,104206,190.370226,189.085,False,False,460101.0,10.492150000000006
2019-05-29,187.26,192.39,185.0401,189.86,11968638,111314,188.868183,189.82,False,True,401274.0,10.560071428571433
2019-05-30,188.74,192.255,187.02,188.22,7983850,77290,188.76927,187.5,False,True,277828.0,10.369957142857146
2019-05-31,185.1,189.9204,184.1,185.16,10411393,97934,186.350205,187.59,True,False,585845.0,10.359271428571432
2019-06-03,185.51,186.68,176.9919,178.97,13070210,129295,180.7276,182.58,True,False,562979.0,9.978421428571433
2019-06-04,181.1,193.98,179.61,193.6,13807722,131334,188.343897,185.393,False,True,441783.0,10.515564285714289
2019-06-05,198.68,201.2782,191.8486,196.59,13512215,123501,195.900896,193.295,False,True,812286.0,10.675535714285717
2019-06-06,204.09,211.0,201.8,205.95,20272286,177549,206.113417,208.36,True,False,1503410.0,11.315535714285717
2019-06-07,204.8,210.8438,203.499,204.5,16013527,157397,207.146833,209.32,False,False,584380.0,10.453735714285715
2019-06-10,210.1,216.94,209.01,212.88,10594223,101190,213.451631,214.73,True,False,382281.0,10.215164285714286
2019-06-11,219.29,220.9,213.5,217.1,11653542,105397,217.234945,216.645,False,True,613087.0,9.976592857142858
2019-06-12,222.96,223.38,209.0,209.26,15214834,142266,214.328205,211.3782,False,False,1168422.0,10.053735714285713
2019-06-13,210.38,214.9,207.5103,213.91,8168260,74417,212.341523,212.86,False,True,450952.0,9.635499999999999
2019-06-14,211.48,216.65,210.4,214.92,7433669,72351,213.708723,215.1096,False,False,288882.0,9.279821428571427
2019-06-17,214.88,227.0,214.27,225.03,12316903,114460,223.294986,223.6685,True,True,732298.0,9.678392857142855
2019-06-18,228.72,234.74,222.56,224.74,12716192,132942,228.951333,231.92,False,False,506354.0,10.023399999999999
2019-06-19,225.11,227.77,221.06,226.43,6575330,66892,225.468081,226.5791,True,False,263784.0,10.128757142857143
2019-06-20,222.82,226.9,216.35,219.62,11863887,117872,221.024126,223.11,False,False,482536.0,10.466585714285715
2019-06-21,216.27,222.18,215.5,221.86,8202093,74902,219.641408,221.49,True,True,467272.0,10.251721428571429
2019-06-24,223.24,225.86,221.02,223.64,5752470,59145,223.481073,223.44,False,True,281328.0,9.525292857142858
2019-06-25,224.39,225.34,219.49,219.76,6182723,56479,221.304568,220.75,False,False,313937.0,9.269607142857144
2019-06-26,220.31,227.23,218.1,219.27,8507278,85127,222.202972,225.285,False,False,305514.0,8.892464285714286
2019-06-27,219.27,222.9,217.35,222.84,6339710,61253,220.366686,221.7,True,True,397097.0,8.764264285714289
2019-06-28,220.8,225.17,220.8,223.35,7692408,65544,223.376198,224.015,True,False,238698.0,8.187835714285715
2019-07-01,230.42,233.0995,226.28,227.17,8245640,81334,229.14251,229.23,False,False,448678.0,8.31137142857143
2019-07-02,229.0,229.15,222.22,224.55,9264827,98567,228.178332,223.87,False,True,374270.0,7.779228571428574
2019-07-03,239.39,241.57,234.51,234.9,14212748,138211,237.625167,238.63,False,False,872563.0,8.467107142857143
2019-07-05,234.57,235.45,230.8,233.1,7065738,67956,233.472319,231.445,False,True,341843.0,8.352821428571428
2019-07-08,231.24,232.25,228.66,230.34,5880592,55632,230.582496,230.45,False,False,436721.0,7.760678571428571
2019-07-09,228.97,231.0,227.28,230.06,6191235,57305,229.291761,227.778,False,True,425729.0,7.156392857142856
2019-07-10,234.15,238.94,233.14,238.92,9145736,91107,236.125432,234.13,False,True,303258.0,7.311392857142855
2019-07-11,238.14,241.5,235.8,238.6,7517330,72793,238.684258,237.9839,True,True,287232.0,6.964964285714282
2019-07-12,239.75,245.38,239.71,245.08,9203021,84593,243.121774,242.78,True,True,238281.0,6.972107142857139
2019-07-15,248.37,254.42,244.86,253.5,11010382,106559,248.903771,246.1,False,True,361120.0,7.309249999999993
2019-07-16,249.33,253.53,247.9325,252.38,8158589,78943,251.023118,250.94,True,True,342538.0,7.29121428571428
2019-07-17,255.68,258.31,253.35,254.86,9764727,82873,256.358273,254.92,False,False,544308.0,7.062642857142852
2019-07-18,255.05,255.75,251.885,253.54,4764483,54453,253.846613,252.9366,True,True,263283.0,6.942285714285709
2019-07-19,255.69,259.96,254.62,258.18,7048410,72846,257.542742,256.37,True,True,178038.0,7.088714285714281
2019-07-22,258.75,262.155,254.1911,255.68,6846273,77482,257.863457,257.77,False,False,368254.0,6.96117142857142
2019-07-23,256.71,260.48,254.5,260.17,5043149,54226,258.024773,257.1802,True,True,158872.0,6.893314285714278
2019-07-24,259.17,266.07,258.1601,264.88,11078345,129399,255.746929,259.9495,True,True,182959.0,6.242592857142851
2019-07-25,233.0,234.5,225.5501,228.82,22425255,244155,229.107853,231.114,True,False,1246861.0,8.719728571428567
2019-07-26,227.12,230.26,222.25,228.04,10029722,119801,225.61892,223.1471,False,True,388760.0,8.974728571428567
2019-07-29,227.24,235.94,226.0325,235.77,9273331,95771,231.18149,226.66,True,True,211117.0,9.416692857142852
2019-07-30,232.9,243.36,232.18,242.26,8110126,84661,239.45585,239.49,True,True,378805.0,9.580978571428568
2019-07-31,242.82,246.68,236.6501,241.61,9180308,103304,243.317187,244.61,True,False,260179.0,9.89025714285714
2019-08-01,242.65,244.51,231.77,233.85,8260016,92927,238.203492,242.8584,False,False,205166.0,10.315971428571425
2019-08-02,231.35,236.27,229.23,234.34,6136481,68136,232.617665,229.9477,False,True,311148.0,10.135971428571427
2019-08-05,229.6,231.3673,225.775,228.32,7028279,79017,228.084446,226.26,False,True,280037.0,10.347935714285713
2019-08-06,231.88,232.5,225.75,230.75,5564202,62192,229.13246,228.535,True,True,189063.0,10.40650714285714
2019-08-07,226.75,233.5688,225.8,233.42,4776500,54448,229.943636,228.87,True,True,207634.0,10.685349999999998
2019-08-08,234.45,239.8,232.65,238.3,5274349,52901,236.491722,234.88,True,True,170854.0,10.737492857142856
2019-08-09,236.05,238.96,233.81,235.01,3911644,44351,235.872024,235.07,False,False,305062.0,10.536500000000002
2019-08-12,232.99,235.77,228.75,229.01,4663937,50931,231.37305,232.2625,True,False,96878.0,10.610785714285715
2019-08-13,228.81,236.0,227.55,235.0,4886098,54781,233.405329,233.24,False,True,205349.0,10.649364285714286
2019-08-14,231.21,231.5,216.69,219.62,9562591,107794,223.943508,227.65,False,False,361475.0,9.147942857142857
2019-08-15,220.7,221.56,211.55,215.64,8237052,86778,214.804126,216.38,True,False,273302.0,9.2908
2019-08-16,216.66,222.24,216.02,219.94,5207421,55937,219.901227,220.56,False,False,148180.0,9.054550000000003
2019-08-19,224.0,227.83,221.7,226.83,5311748,53712,225.152329,223.75,True,True,230826.0,8.819550000000003
2019-08-20,227.62,229.09,224.54,225.86,4170527,42497,226.594034,226.24,False,False,110427.0,8.428128571428575
2019-08-21,222.01,223.22,217.6,220.83,7799744,77839,220.653342,220.6793,False,True,251497.0,8.108128571428578
2019-08-22,222.8,225.4,218.22,222.15,6564964,62788,222.806555,219.38,False,True,409405.0,8.118128571428576
2019-08-23,219.97,221.17,211.0,211.4,8559756,92454,215.376176,220.56,True,False,346273.0,8.302771428571434
2019-08-26,213.27,215.02,211.54,215.0,5066114,48652,213.427395,213.53,True,True,245537.0,8.079200000000005
2019-08-27,215.74,218.8,212.03,214.08,5420727,52919,215.721755,218.7,True,False,303019.0,8.00785714285715
2019-08-28,213.69,217.25,212.31,215.59,3238627,37157,215.4317,216.07,True,False,126521.0,7.850000000000007
2019-08-29,219.0,223.4,218.0,221.71,5183155,53735,221.071081,220.7,False,True,211663.0,8.040000000000006
2019-08-30,229.6,232.44,224.213,225.61,9327790,91632,227.968538,228.6943,True,False,359600.0,8.305000000000005
2019-09-03,224.08,228.95,223.16,225.01,5360546,54020,225.837086,227.49,True,False,292700.0,8.115000000000006
2019-09-04,226.89,228.46,219.205,220.68,5768696,58577,223.99075,226.298,False,False,131487.0,7.46821428571429
2019-09-05,222.5,229.8,220.85,229.58,7403337,70088,225.721524,224.16,True,True,368957.0,7.404642857142862
2019-09-06,227.66,229.64,225.17,227.45,4190343,48248,227.682556,226.712,False,True,306248.0,7.252500000000004
2019-09-09,230.0,233.76,229.23,231.79,4802669,54871,231.316198,232.2022,False,False,137291.0,7.13964285714286
2019-09-10,230.8,235.54,228.94,235.54,4883714,54668,233.159914,232.4843,True,True,295145.0,7.2860714285714305
2019-09-11,237.38,248.1741,236.0,247.1,10042777,128019,243.901266,242.51,False,True,530050.0,7.5985071428571445
2019-09-12,247.5,253.5,244.4,245.87,8582710,97855,247.922926,248.84,False,False,737536.0,7.735650000000001
2019-09-13,246.96,248.45,244.865,245.2,5373237,63216,246.083661,245.867,False,False,114809.0,7.195292857142856
2019-09-16,245.63,247.43,241.17,242.81,4731296,76984,244.027956,244.08,True,False,384575.0,7.383864285714286
2019-09-17,242.47,245.6,240.37,244.79,3949809,61944,243.32599,241.3659,True,True,84487.0,7.273864285714284
2019-09-18,245.0,248.1685,242.37,243.49,4228103,74343,244.619293,244.9,True,False,162039.0,7.335185714285712
2019-09-19,246.0,247.94,244.84,246.6,4883135,73917,246.588679,246.695,True,False,369884.0,7.095185714285711
2019-09-20,246.49,246.946,238.16,240.62,6506364,104885,241.984722,243.62,False,False,257404.0,6.956328571428569
2019-09-23,240.0,245.1794,239.22,241.23,4392696,67930,242.626791,241.69,True,False,154069.0,6.968428571428569
2019-09-24,241.52,241.99,222.61,223.21,12951862,208689,228.127425,230.4827,False,False,542010.0,7.691642857142854
2019-09-25,224.56,228.98,218.36,228.7,9446851,135472,224.585999,222.63,True,True,538314.0,7.798785714285709
2019-09-26,230.66,243.31,227.4,242.56,12078788,173521,236.070681,230.23,True,True,184023.0,8.615928571428567
2019-09-27,242.2,248.71,238.73,242.13,11123184,167957,243.3653,246.55,True,False,614046.0,8.878071428571426
2019-09-30,242.99,243.98,236.1111,240.87,5951413,86525,240.376797,241.22,False,False,183000.0,8.96870714285714
2019-10-01,241.5,245.95,239.13,244.56,6209990,101685,242.666097,240.53,False,True,261099.0,8.55341428571428
2019-10-02,243.29,244.65,239.43,243.13,6256548,94931,241.36257,241.6635,False,True,226878.0,8.276271428571423
2019-10-03,232.04,234.48,224.28,233.03,15137764,230597,229.266463,226.21,False,True,964786.0,9.366628571428567
2019-10-04,231.82,234.78,228.07,231.43,8025180,106994,230.830586,229.73,True,True,551954.0,9.398771428571424
2019-10-07,230.0,238.56,228.55,237.72,8086958,97332,234.98785,233.3,True,True,417381.0,9.740199999999996
2019-10-08,235.87,243.94,234.5,240.05,8702338,117031,240.055522,237.7972,False,True,470795.0,10.000307142857139
2019-10-09,241.32,247.295,240.65,244.53,6935059,93688,244.863879,245.13,True,False,461998.0,10.199949999999996
2019-10-10,245.0,249.28,241.58,244.74,6313442,80861,245.5342,247.53,True,False,333784.0,10.122378571428566
2019-10-11,247.15,251.08,246.81,247.89,8494795,100475,248.961071,249.09,True,False,490527.0,10.14956428571428
2019-10-14,247.9,258.55,247.13,256.96,10229813,130265,255.032333,253.19,True,True,775675.0,9.580992857142855
2019-10-15,257.7,260.0,254.12,257.89,6486256,86513,257.891435,257.66,False,True,376390.0,9.242421428571427
2019-10-16,257.39,262.1,256.92,259.75,6704303,87620,259.888054,261.63,True,False,503369.0,8.475992857142856
2019-10-17,262.0,264.78,260.17,261.97,4779043,66213,261.925902,261.55,True,True,171305.0,8.122421428571425
2019-10-18,261.0,262.8,255.1,256.95,5753666,71859,257.994805,258.61,False,False,176011.0,8.11035714285714
2019-10-21,258.33,259.5,250.18,253.5,5108101,56139,254.267497,254.39,False,False,371202.0,8.288928571428569
2019-10-22,254.32,258.33,250.85,255.58,4626922,56275,255.35378,253.09,False,True,103448.0,8.45035714285714
2019-10-23,254.5,256.14,251.35,254.68,11216182,139220,276.091407,253.4,False,True,152831.0,7.4460714285714245
2019-10-24,298.48,304.93,289.2,299.68,29847582,345507,297.576211,290.84,False,True,1735295.0,10.556071428571425
2019-10-25,297.72,330.0,296.11,328.13,30079811,350914,317.694704,309.28,True,True,1122137.0,12.26178571428571
2019-10-28,327.35,340.84,322.6,327.71,18870761,222828,330.830962,332.8813,False,False,1017098.0,12.890357142857136
2019-10-29,319.71,324.3,314.75,316.22,12707906,143588,318.66849,320.905,True,False,677306.0,13.298571428571421
2019-10-30,313.0,318.79,309.97,315.01,9642334,101665,313.655064,313.2,False,True,366780.0,13.378571428571421
2019-10-31,313.1,319.0,313.0,314.92,5066984,61747,315.563164,317.0,True,False,268738.0,13.354285714285707
2019-11-01,316.32,316.48,309.8,313.31,6383930,69555,312.626752,311.8509,False,True,629309.0,13.015714285714278
2019-11-04,314.51,321.94,309.26,317.47,8787190,93113,317.295191,313.43,False,True,628280.0,13.501428571428564
2019-11-05,319.62,323.51,316.118,317.22,6948824,72793,319.089654,321.15,True,False,583276.0,13.659428571428563
2019-11-06,318.0,326.72,314.5,326.58,7940932,93475,321.381848,319.9546,True,True,583034.0,14.172999999999996
2019-11-07,329.14,341.5,328.02,335.54,14467363,166689,336.695926,330.5,True,True,1326849.0,14.688714285714282
2019-11-08,335.0,337.46,332.5,337.14,6074221,74226,335.528529,336.4024,True,True,831800.0,14.377285714285708
2019-11-11,343.85,349.19,342.0,345.09,9993712,120214,345.850648,344.66,True,True,1703801.0,14.703714285714282
2019-11-12,346.9,350.37,344.04,349.93,7359383,92749,347.387523,344.7,False,True,896080.0,14.813714285714282
2019-11-13,355.0,356.33,345.18,346.11,8468028,110455,351.70876,354.145,False,False,1398315.0,12.020857142857137
2019-11-14,346.02,353.84,342.91,349.35,6472560,79095,348.806593,345.25,False,True,579049.0,10.380857142857135
2019-11-15,350.64,352.8,348.36,352.17,4812563,61038,350.810304,350.8586,True,True,516532.0,9.395142857142853
2019-11-18,352.32,353.15,346.1,349.99,4408505,62507,349.317749,348.48,False,True,536369.0,8.972999999999994
2019-11-19,351.75,359.99,347.8,359.52,7736592,98413,356.270812,350.0778,False,True,299930.0,9.213714285714278
2019-11-20,360.0,361.2,349.57,352.22,6733965,91488,354.625394,359.4849,False,False,691211.0,9.615857142857136
2019-11-21,354.51,360.84,354.0039,354.83,6114413,78673,357.323173,358.26,True,False,754756.0,9.75442857142856
2019-11-22,340.16,341.0,330.0,333.04,16994966,237379,334.064727,334.3342,False,False,2649991.0,10.6222857142857
2019-11-25,344.32,344.57,334.46,336.34,12345771,169187,338.878287,340.3228,False,False,2021568.0,10.917857142857128
2019-11-26,335.27,335.5,327.1,328.92,7956776,115571,330.908551,333.79,False,False,689151.0,10.70499999999998
2019-11-27,331.0,333.93,328.57,331.29,5563459,81025,331.103362,332.4345,True,False,677646.0,10.022142857142837
2019-11-29,331.11,331.26,327.5,329.94,2465629,36296,329.479566,327.9267,False,True,404069.0,9.93857142857141
2019-12-02,329.4,336.3827,328.687,334.87,6083786,89999,334.318997,334.72,True,True,665912.0,9.627549999999982
2019-12-03,332.74,337.91,332.186,336.2,6646408,91962,335.466627,335.1399,True,True,756321.0,9.584264285714271
2019-12-04,337.54,337.86,332.85,333.03,5556855,66845,334.910376,333.76,False,False,921881.0,9.145692857142844
2019-12-05,332.83,334.4227,327.25,330.37,3737006,56157,330.426654,330.8874,False,False,341049.0,8.877314285714277
2019-12-06,334.9,338.86,334.77,335.89,7618937,97981,336.694817,336.12,True,False,1146398.0,9.166599999999992
2019-12-09,336.59,344.45,335.08,339.53,9040217,116593,340.387347,338.977,True,True,709886.0,9.332314285714281
2019-12-10,339.72,350.73,339.31,348.84,8839951,112819,347.295821,341.84,True,True,539395.0,9.277314285714283
2019-12-11,351.42,357.1899,351.09,352.7,6920136,93777,354.598224,354.98,True,False,1077431.0,9.04302142857143
2019-12-12,354.92,362.74,353.23,359.68,7846036,113612,359.126091,357.5822,True,True,968979.0,9.144450000000006
2019-12-13,361.05,365.21,354.64,358.39,6574381,89607,359.909873,363.5377,True,False,1076133.0,8.125878571428578
2019-12-16,362.55,383.61,362.5,381.5,18235365,231180,377.133672,369.1839,True,True,1275936.0,9.103735714285724
2019-12-17,378.99,385.5,375.9,378.99,8506375,108574,379.920972,380.4925,True,False,1463124.0,9.129450000000016
2019-12-18,380.63,395.22,380.58,393.15,14200792,185591,389.267806,384.56,True,True,1468406.0,9.905878571428588
2019-12-19,397.32,406.85,396.5,404.04,18120524,233623,402.461302,398.79,True,True,2479681.0,10.613735714285733
2019-12-20,410.69,413.0,400.185,405.59,14785216,178526,405.761211,409.6185,False,False,2165367.0,10.979400000000018
2019-12-23,411.78,422.01,410.0,419.22,13332821,183453,418.641149,417.4266,True,True,1926665.0,11.743400000000017
2019-12-24,418.46,425.47,412.6875,425.25,8203220,104057,420.080367,414.87,False,True,1329579.0,12.29857857142859
2019-12-26,428.01,433.48,426.35,430.94,10658689,140955,430.180739,429.339,True,True,1180217.0,12.374100000000018
2019-12-27,435.0,435.31,426.11,430.38,9956827,128105,430.583668,432.3401,False,False,1354415.0,12.424814285714303
2019-12-30,428.79,429.0,409.2589,414.7,12601275,172131,416.248503,410.555,False,True,2250376.0,13.26417857142859
2019-12-31,405.0,421.29,402.08,418.33,10292456,130147,416.732795,413.54,True,True,1742588.0,13.820607142857162
2020-01-02,424.5,430.6957,421.71,430.26,9558410,136850,427.110933,424.1236,False,True,1316075.0,14.107450000000016
2020-01-03,440.01,454.0,436.92,443.01,17801880,236698,445.732623,450.3608,True,False,3591364.0,15.086021428571444
2020-01-06,440.35,451.56,440.0,451.5,10174685,134223,445.923763,444.67,True,True,1485170.0,15.15673571428573
2020-01-07,461.4,471.63,453.355,469.06,18214838,250188,463.832116,457.16,False,True,2255173.0,14.7931642857143
2020-01-08,474.0,498.49,468.23,492.14,31235728,413649,485.693288,470.8734,False,True,2357873.0,16.268878571428584
2020-01-09,497.15,498.8,472.87,481.34,28488103,384285,485.728899,496.532,False,False,3159796.0,16.961735714285727
2020-01-10,481.19,484.94,473.7,478.15,12982446,181935,478.943982,482.11,True,False,1973700.0,16.786021428571438
2020-01-13,493.79,525.63,492.0,524.86,26638003,369920,510.95095,501.0224,True,True,3441161.0,19.262092857142868
2020-01-14,544.42,547.41,524.9,537.92,29105836,406432,538.193746,540.7164,False,False,3733468.0,19.699950000000005
2020-01-15,529.59,537.84,516.7853,518.5,17368901,261960,529.192638,526.5,False,False,2136424.0,20.296535714285714
2020-01-16,494.0,514.46,492.17,513.49,21737394,325059,504.286373,506.0001,True,True,3530980.0,21.589392857142855
2020-01-17,507.61,515.6699,503.16,510.5,13667901,192623,509.712785,510.73,True,False,1456035.0,21.82581428571428
2020-01-21,530.25,548.58,528.41,547.2,17803471,272578,541.405745,539.12,True,True,2551510.0,23.037164285714283
2020-01-22,571.0,594.5,559.1,569.56,31408974,506202,576.941704,566.75,False,True,2796273.0,25.043592857142848
2020-01-23,564.0,582.0,555.6027,572.2,19706029,307310,569.79408,565.516,True,True,2043523.0,26.04584999999999
2020-01-24,570.63,573.86,554.26,564.82,14354157,219319,563.535999,566.24,False,False,1312654.0,25.750135714285705
2020-01-27,541.09,564.44,539.28,558.02,13637136,217771,552.109851,547.43,True,True,1607462.0,26.74870714285714
2020-01-28,568.17,576.81,558.08,566.9,11791398,176363,565.955345,572.16,True,False,1485526.0,26.652992857142852
2020-01-29,575.75,589.7999,567.43,580.99,18217956,308997,590.94261,573.39,False,True,1036205.0,26.127271428571422
2020-01-30,632.06,650.88,618.0,640.81,29087032,445503,641.544389,639.0811,True,True,4039358.0,29.267271428571423
2020-01-31,640.0,653.0,632.52,650.57,15724989,258779,641.847311,644.66,True,True,1388429.0,29.927271428571423
2020-02-03,673.69,786.14,673.52,780.0,47316151,837249,737.432873,695.297,True,True,3535330.0,36.21941428571427
2020-02-04,883.76,968.9899,833.88,887.06,61049460,1287721,904.70696,892.3001,True,False,6806757.0,48.10797857142857
2020-02-05,823.39,845.98,704.1106,734.7,48453586,1033190,764.153427,790.9371,False,False,6687220.0,59.666171428571424
2020-02-06,700.12,795.83,687.0,748.96,39881797,804002,748.46175,696.3393,False,True,3638026.0,65.55902857142857
2020-02-07,730.09,769.75,730.0,748.07,17132210,329931,746.772772,746.55,True,True,2536616.0,67.50475
2020-02-10,800.0,819.99,752.4,771.28,24715423,503954,779.287471,809.33,True,False,3483983.0,69.92189285714285
2020-02-11,768.19,783.5061,758.0,774.38,11697523,235503,773.043083,764.97,False,True,1354626.0,68.36518571428572
2020-02-12,777.87,789.75,763.37,767.29,12038070,233449,775.062721,781.77,True,False,1488413.0,68.36395
2020-02-13,741.84,818.0,735.0,804.0,26289354,498952,788.487337,754.2038,True,True,2139249.0,72.89252142857143
2020-02-14,787.7,812.97,785.5,800.03,15706911,282866,801.311117,797.5608,True,True,2343219.0,73.03037857142856
2020-02-18,842.22,860.0,832.36,858.4,16701060,335968,849.618582,839.66,False,True,2266009.0,75.97180714285714
2020-02-19,923.0,944.78,901.02,917.42,25430664,511346,921.764078,906.69,False,True,2988729.0,80.50609999999999
2020-02-20,911.95,912.0,859.94,899.41,17635067,357924,890.983704,903.3038,False,False,1752297.0,79.61967142857142
2020-02-21,906.05,913.06,880.45,901.0,14339859,265741,895.047697,894.78,False,True,1562784.0,80.48609999999998
2020-02-24,838.59,863.5,822.2,833.79,15192274,340315,842.654705,849.045,True,False,2199777.0,76.43109999999999
2020-02-25,849.0,856.6,787.0,799.91,17323981,376591,810.84729,840.99,False,False,1236371.0,67.90324999999999
2020-02-26,782.45,813.31,776.11,778.8,14163418,299005,790.551641,801.265,True,False,1801291.0,57.49257857142855
2020-02-27,730.21,739.77,669.0,679.0,24277903,499892,703.296575,730.82,False,False,2038921.0,57.56186428571426
2020-02-28,625.81,690.52,611.52,667.99,24571473,479340,646.655592,633.615,True,True,2358575.0,60.36543571428569
2020-03-02,711.53,743.69,686.67,743.62,20204181,400095,716.360167,709.0,False,True,2611403.0,60.63543571428569
2020-03-03,805.45,806.98,716.1106,745.51,25794609,523092,765.010857,790.01,False,False,3124804.0,65.30424285714284
2020-03-04,763.8,766.52,724.7345,749.5,15049036,291779,745.389315,752.57,False,False,1554843.0,66.4046357142857
2020-03-05,723.77,745.75,718.07,724.54,10854217,212442,730.318222,729.35,True,False,1114362.0,62.72106428571426
2020-03-06,692.0,707.0,684.27,703.48,12663318,259528,695.191406,700.11,True,True,1430084.0,63.635349999999974
2020-03-09,607.56,662.998,605.0,608.0,17103201,341263,627.365838,635.2,False,False,909864.0,66.38606428571426
2020-03-10,659.18,668.0,608.0,645.33,15594488,302024,638.495306,632.93,False,True,593923.0,64.50177857142855
2020-03-11,640.01,653.58,613.0,634.23,13458045,246543,634.332412,630.9,False,True,452244.0,63.2946357142857
2020-03-12,580.5,594.5,546.25,560.55,18922114,371895,564.484189,571.04,False,False,650085.0,67.2496357142857
2020-03-13,595.0,607.57,502.0,546.62,22641801,426667,540.612223,560.01,False,False,560071.0,69.16177857142857
2020-03-16,468.5,494.8699,442.17,445.07,20501540,381029,465.187843,461.748,True,False,1075246.0,71.65106428571428
2020-03-17,440.01,471.85,396.0,430.2,24042296,431553,429.508659,419.24,False,True,864046.0,74.41177857142858
2020-03-18,390.0,404.86,350.51,361.22,23789229,434985,375.133749,394.305,False,False,642906.0,72.2610642857143
2020-03-19,374.01,452.0,358.46,427.64,30218080,543185,413.710651,405.235,False,True,1249002.0,73.29963571428573
2020-03-20,438.73,477.0,425.79,427.53,28292502,485124,444.818701,462.43,True,False,2259533.0,71.55035000000001
2020-03-23,432.41,441.9999,410.5,434.29,16494149,284108,427.594637,429.065,False,True,564482.0,67.30967142857143
2020-03-24,477.5,513.69,474.0,505.0,22932710,439501,497.107854,500.62,False,True,1167299.0,69.99642142857144
2020-03-25,545.99,557.0,511.11,539.25,21222815,430948,539.29457,533.1579,True,True,1356765.0,71.46570714285716
2020-03-26,549.75,560.0,512.25,528.16,17427963,357346,533.111336,542.805,False,False,697084.0,71.99999285714287
2020-03-27,504.28,525.8,494.03,514.36,14382139,275573,508.022033,500.14,True,True,352238.0,67.4035642857143
2020-03-30,510.26,516.6471,491.23,502.13,11998474,224808,504.677607,502.58,True,False,486853.0,64.93335714285716
2020-03-31,501.25,542.96,497.0,524.0,17836295,293522,525.759246,531.14,False,False,573246.0,65.31764285714287
2020-04-01,504.0,513.9548,475.1,481.56,13357018,270899,494.5598,505.62,False,False,346617.0,62.526214285714296
2020-04-02,481.28,494.2599,446.4,454.47,19858727,378133,477.096251,486.52,True,False,1089119.0,58.4040642857143
2020-04-03,509.77,515.49,468.3901,480.01,22562279,391080,488.731867,491.43,True,False,1162103.0,55.30192142857144
2020-04-06,511.49,521.0,497.96,516.24,14951936,275891,510.02116,510.83,True,True,674827.0,52.811921428571445
2020-04-07,545.0,565.0,532.34,545.45,17919978,344486,548.924975,544.32,False,True,814114.0,50.602635714285725
2020-04-08,553.5,557.2081,533.33,548.84,12656024,231565,546.458558,539.16,False,True,476494.0,45.626785714285724
2020-04-09,562.27,575.1818,557.11,573.0,13650000,261485,568.176296,567.3752,True,True,509194.0,43.85048571428571
2020-04-13,591.03,652.0,580.53,650.95,22475444,441170,620.923776,596.7695,False,True,577635.0,47.24335
2020-04-14,698.65,741.88,692.43,709.89,30576667,655146,722.452684,735.14,True,False,954551.0,48.066921428571405
2020-04-15,741.49,753.13,710.0,729.83,23659403,477432,732.954655,735.458,False,False,823846.0,47.441207142857124
2020-04-16,716.41,759.45,706.715,745.21,20657864,406968,737.487077,735.77,True,True,976021.0,47.797278571428556
2020-04-17,772.92,774.95,747.66,753.89,13128243,275594,759.136647,752.88,False,True,713563.0,47.48370714285714
2020-04-20,732.7,765.57,712.21,746.36,14752777,288932,748.115609,760.27,True,False,1198350.0,49.479628571428556
2020-04-21,729.2,753.33,673.79,686.72,20221693,453969,708.33109,726.9799,False,False,835114.0,51.87819999999999
2020-04-22,702.03,734.0,688.71,732.11,14224832,283998,710.014164,707.39,True,True,686543.0,51.76248571428572
2020-04-23,727.05,734.0,703.13,705.63,13236698,253703,720.578801,729.38,True,False,658619.0,50.54892142857141
2020-04-24,710.81,730.73,698.18,725.15,13237637,235390,714.878647,717.7978,True,True,728864.0,48.51535
2020-04-27,737.61,799.49,735.0,798.75,20681442,433976,783.972936,790.57,False,True,638893.0,50.89749285714284
2020-04-28,795.3,805.0,756.69,769.12,15222719,313311,776.861887,763.7765,False,True,582950.0,50.865349999999985
2020-04-29,791.68,803.1999,783.16,800.51,16223632,369255,806.504911,793.7799,True,True,448575.0,51.59404999999999
2020-04-30,855.0,869.82,763.5,781.88,28477961,615142,814.171635,813.7647,False,False,1475533.0,57.30677857142858
2020-05-01,755.0,772.77,683.04,701.32,32544885,728694,719.397692,768.1381,True,False,800302.0,58.72392142857143
2020-05-04,701.02,762.0,698.0,761.19,19237103,398098,737.474273,743.23,True,True,765787.0,56.800350000000016
2020-05-05,789.95,798.92,762.18,768.21,16991656,334419,778.592132,769.21,False,False,1055339.0,56.40677857142858
2020-05-06,776.5,789.8,761.11,782.58,11123240,224303,777.491459,776.0,True,True,476028.0,54.68927857142857
2020-05-07,777.01,796.4,772.35,780.04,11527736,225776,782.982572,779.15,False,True,588882.0,54.28284999999999
2020-05-08,793.96,824.0,787.01,819.42,16152669,337095,813.739506,811.25,False,True,587632.0,53.611421428571425
2020-05-11,790.51,824.0,785.0,811.29,16520136,310651,808.160051,812.86,True,False,745576.0,50.71570714285713
2020-05-12,827.0,843.29,808.0,809.41,15906905,309849,828.84902,835.6221,True,False,868481.0,49.859278571428554
2020-05-13,819.82,826.0,763.3,790.96,19065491,382711,793.800775,817.0331,False,False,454881.0,52.13285
2020-05-14,778.53,803.36,764.0,803.33,13682188,293001,784.535282,774.1319,True,True,790182.0,52.61927857142856
2020-05-15,790.8,805.0486,786.552,799.17,10521597,196867,797.818308,798.16,False,True,379807.0,48.630464285714275
2020-05-18,827.0,834.7201,803.88,813.63,11698114,240671,816.907267,823.4899,True,False,345783.0,47.719042857142846
2020-05-19,815.17,822.07,806.08,808.0,9637522,189327,814.479853,808.9236,False,False,311676.0,46.42690714285714
2020-05-20,820.0,826.0,811.8,815.56,7309273,155017,817.491865,817.16,False,False,286235.0,40.1183357142857
2020-05-21,816.0,832.5,796.0,827.6,12255188,240571,814.928926,806.515,False,True,539751.0,35.66547857142856
2020-05-22,823.29,831.78,812.0,816.88,9987475,191846,822.139315,822.82,True,False,415950.0,32.50690714285713
2020-05-26,834.5,834.6,815.705,818.87,8216486,171504,822.407954,817.625,False,True,316370.0,31.161549999999995
2020-05-27,820.08,827.71,785.0,820.23,11558468,263661,807.980524,796.94,False,True,626727.0,32.162978571428575
2020-05-28,813.63,824.75,801.69,805.81,7275819,156554,814.820594,820.2223,True,False,382065.0,32.092264285714286
2020-05-29,808.57,835.0,804.21,835.0,11813068,222329,820.481729,810.08,True,True,323439.0,31.151549999999993
2020-06-01,858.8,899.0,854.1,898.1,15086239,350787,879.6919,883.0,True,True,685560.0,32.93726428571428
2020-06-02,895.0,908.66,871.0,881.56,13565696,287106,889.545797,884.92,False,False,636419.0,33.10654999999999
2020-06-03,888.12,897.94,880.1,882.96,7949469,171315,888.133767,889.62,False,False,300673.0,29.902264285714278
2020-06-04,889.99,895.75,858.44,864.38,8890713,199340,879.08662,885.465,False,False,371909.0,29.755835714285702
2020-06-05,878.98,886.52,866.2,885.66,7811978,169738,877.623856,870.37,False,True,249907.0,30.01607857142856
2020-06-08,918.08,950.0,909.16,949.92,14174727,311689,929.84681,920.96,True,True,513295.0,32.07249999999999
2020-06-09,940.01,954.4399,923.931,940.67,11389453,245350,942.13927,941.61,True,False,403590.0,33.10956428571427
2020-06-10,991.47,1027.48,982.5,1025.05,18563548,442842,1005.909591,1003.4768,True,True,687076.0,38.02456428571428
2020-06-11,989.99,1018.9599,972.0,972.84,15934620,392146,991.298202,1006.2,True,False,528234.0,39.20670714285713
2020-06-12,980.0,987.98,912.6,935.28,16763374,420079,946.184326,949.4501,False,False,1050593.0,43.1781357142857
2020-06-15,917.42,998.84,908.5,990.9,15697433,345609,960.523215,938.39,True,True,517556.0,48.28134999999999
2020-06-16,1011.85,1012.88,962.39,982.13,14051116,301759,987.656002,987.1883,False,False,791452.0,48.83706428571428
2020-06-17,987.72,1005.0,982.571,991.79,9890800,195009,993.729186,990.5,True,True,316992.0,48.82349285714285
2020-06-18,1003.26,1019.2,994.4708,1003.96,9755748,206861,1004.316033,1003.5067,False,True,364894.0,48.58206428571429
2020-06-19,1012.78,1015.9699,991.34,1000.9,8679749,187488,1002.169937,1006.05,False,False,263972.0,45.769914285714286
2020-06-22,999.95,1008.88,990.02,994.32,6362350,140254,998.29475,999.6001,False,False,184999.0,44.42705714285715
2020-06-23,998.52,1012.0,994.0101,1001.78,6365271,137744,1003.133162,1005.45,False,False,261506.0,44.437764285714294
2020-06-24,994.11,1000.8846,953.1414,960.85,10959593,277344,970.279919,980.62,False,False,552109.0,45.24695000000001
2020-06-25,954.2,985.98,937.15,985.98,9262550,209003,964.547608,963.2854,True,True,532679.0,47.15337857142858
2020-06-26,994.55,995.0,954.87,959.74,8854958,184299,969.980458,969.5496,False,False,523791.0,45.42409285714287
2020-06-29,968.14,1010.0,948.5201,1009.35,9027408,227702,985.531243,983.1999,True,True,580438.0,47.63630714285716
2020-06-30,1006.5,1087.69,1003.73,1079.81,16918501,373179,1062.238785,1047.5043,True,True,634939.0,47.432735714285734
2020-07-01,1083.5,1135.33,1080.5,1119.63,13326897,331230,1117.340944,1133.81,True,False,847661.0,47.60916428571431
2020-07-02,1221.48,1228.0,1185.6,1208.66,17250127,443897,1207.348673,1204.66,False,True,854709.0,49.96559285714287
2020-07-06,1276.69,1377.79,1266.044,1371.58,20570284,595344,1323.913104,1300.1635,False,True,475527.0,55.593450000000004
2020-07-07,1405.0,1429.5,1336.71,1389.86,21493299,695483,1390.279311,1368.73,False,True,678528.0,58.61487857142857
2020-07-08,1405.64,1417.26,1311.34,1365.88,16319833,483790,1375.58145,1399.0157,True,False,419101.0,64.54702142857143
2020-07-09,1396.5,1408.56,1351.28,1394.28,11717710,350517,1382.485199,1371.09,False,True,440254.0,66.68059285714286
2020-07-10,1395.78,1548.915,1376.0101,1544.65,23346353,652284,1469.905554,1410.68,True,True,1003454.0,77.2716642857143
2020-07-13,1659.0,1794.99,1471.1101,1497.06,38996185,1412139,1662.907002,1774.4086,True,False,1372210.0,99.05879999999999
2020-07-14,1556.0,1590.0,1431.0,1516.8,23429302,796677,1519.568254,1517.47,True,False,1320692.0,109.13094999999998
2020-07-15,1542.54,1550.0,1457.0,1546.01,16368689,542591,1505.83877,1496.9999,False,True,569970.0,112.29962142857143
2020-07-16,1477.16,1531.71,1466.0,1500.64,14300795,432804,1498.077114,1496.7951,True,True,622891.0,114.52676428571428
2020-07-17,1513.45,1537.51,1490.0,1500.84,9332637,280673,1507.736306,1502.8,True,False,493651.0,115.05390714285711
2020-07-20,1519.49,1650.0,1488.0,1643.0,17140645,583950,1579.177661,1498.7999,False,True,285583.0,122.23391428571426
2020-07-21,1639.98,1675.0,1558.0,1568.36,16193302,567214,1612.407463,1609.1,False,False,762916.0,124.59391428571426
2020-07-22,1601.66,1626.42,1562.0,1592.33,14161512,559794,1606.307555,1586.0,True,True,307676.0,125.22962857142855
2020-07-23,1678.9,1689.0,1480.77,1513.07,24328697,872881,1567.652335,1614.36,True,False,879150.0,132.3624857142857
2020-07-24,1416.01,1465.0,1366.5401,1417.0,19397409,660311,1422.907718,1431.88,False,False,939179.0,130.74819285714284
2020-07-27,1434.54,1547.94,1413.0003,1539.6,16048671,497219,1478.906252,1461.0001,True,True,494087.0,133.75888571428573
2020-07-28,1500.0,1564.7,1474.42,1476.49,15808711,464088,1515.627757,1515.0,False,False,593538.0,132.64174285714284
2020-07-29,1501.0,1534.81,1487.0,1499.11,9426893,287326,1510.365008,1509.12,True,False,322177.0,132.71602857142858
2020-07-30,1488.0,1513.24,1471.0,1487.49,7621111,241686,1492.525917,1480.3161,False,True,332389.0,123.38282142857143
2020-07-31,1516.02,1517.05,1420.98,1430.76,12247338,405814,1455.645016,1468.3524,True,False,452295.0,107.11068571428574
2020-08-03,1450.21,1509.8101,1444.3844,1485.0,8809359,298393,1484.919242,1498.2133,True,False,953429.0,101.39997857142859
2020-08-04,1496.02,1527.41,1462.0,1487.0,8410015,259290,1488.33885,1491.915,False,False,537748.0,99.4292642857143
2020-08-05,1493.01,1499.8384,1468.31,1485.02,4978015,178469,1484.955367,1488.2635,True,False,208651.0,95.96629285714286
2020-08-06,1490.83,1517.31,1477.26,1489.58,5992313,203242,1493.995022,1481.4,False,True,172629.0,95.43343571428575
2020-08-07,1499.75,1499.75,1415.01,1452.71,8897817,337755,1452.516315,1481.9227,False,False,165942.0,89.9148642857143
2020-08-10,1445.25,1457.5,1385.84,1418.57,7522264,301165,1419.630988,1412.697,False,True,420456.0,86.6762928571429
2020-08-11,1397.85,1420.0,1365.0,1374.39,8625840,359160,1403.98578,1397.71,False,False,224143.0,86.00343571428574
2020-08-12,1469.98,1585.0,1435.0,1554.76,21899106,805729,1517.192307,1484.24,False,True,924005.0,86.17343571428572
2020-08-13,1613.73,1651.18,1567.26,1621.0,20426710,710149,1620.107048,1633.045,True,False,1706624.0,82.59415714285716
2020-08-14,1664.99,1668.8,1626.64,1650.71,12577786,440108,1647.8873,1654.0801,True,False,612182.0,76.36989285714286
2020-08-17,1677.86,1845.86,1672.83,1835.64,20242597,759258,1776.834207,1772.89,True,True,1321827.0,83.86060714285713
2020-08-18,1900.0,1923.9,1845.11,1887.09,16481492,657450,1891.500607,1890.11,True,False,572390.0,85.99917857142857
2020-08-19,1865.0,1911.0,1841.21,1878.53,12205473,485987,1885.762943,1884.7412,False,False,678792.0,87.9670357142857
2020-08-20,1859.99,2021.99,1857.06,2001.83,20611934,776244,1970.808055,1889.8501,False,True,220856.0,92.88560714285714
2020-08-21,2044.8,2095.49,2025.05,2049.98,21489743,805903,2064.70441,2055.3641,False,False,615138.0,93.92917142857142
2020-08-24,2128.1,2129.0,1927.52,2014.2,20073326,853714,2025.345351,1992.1,True,True,796314.0,103.64845714285714
2020-08-25,1974.89,2027.95,1968.0,2023.34,10658909,431470,1998.821055,1999.02,True,True,396630.0,105.67857142857142
2020-08-26,2060.0,2166.0,2053.6291,2153.17,14239384,579503,2121.705807,2115.56,True,True,610911.0,113.00785714285713
2020-08-27,2181.99,2295.6,2142.5,2238.75,23693083,919218,2224.860379,2221.3585,True,True,687892.0,117.89071428571427
2020-08-28,2297.67,2318.49,2186.52,2213.4,20146652,870344,2250.325986,2272.6701,False,False,660842.0,122.1985714285714
2020-08-31,444.89,500.14,440.11,498.32,118424529,2811226,478.525317,467.6174,True,True,5194655.0,244.9335714285714
2020-09-01,502.29,502.49,470.51,475.05,90270040,2184963,486.601964,495.03,False,False,4389695.0,232.17428571428567
2020-09-02,479.0,479.04,405.1206,447.37,96583753,2204982,443.161822,448.3548,False,False,3057092.0,230.56709999999998
2020-09-03,407.12,431.8,402.0,407.0,87635747,1836031,412.393324,409.4649,False,False,4470241.0,230.39352857142853
2020-09-04,402.7,428.0,372.0201,418.32,110323962,2140716,402.309429,372.5,False,True,6874398.0,220.45280714285713
2020-09-08,355.5,368.74,329.88,330.21,115477579,2271277,348.010563,360.1708,False,False,5197655.0,220.46566428571427
2020-09-09,356.99,369.0,341.51,366.28,79473343,1435186,355.531973,353.5649,False,True,2750154.0,218.25137857142857
2020-09-10,387.44,398.99,360.56,371.34,84931238,1411329,381.977377,392.8088,False,False,4466662.0,209.21566428571424
2020-09-11,381.9,382.5,360.5,372.72,60717493,904938,370.274151,369.3966,False,True,2267896.0,204.09709285714285
2020-09-14,381.21,420.0,373.3,419.62,83021062,1327704,401.179196,395.3,False,True,4054925.0,193.0828071428571
2020-09-15,436.95,461.94,430.7,449.76,97298511,1624947,445.450772,435.41,True,True,3533637.0,191.8235214285714
2020-09-16,439.74,457.79,435.31,441.76,72554963,1111986,446.735062,444.73,False,False,3914910.0,183.23923571428568
2020-09-17,416.15,437.79,408.0001,423.43,76779427,1187825,425.275124,431.896,True,False,3042773.0,174.71494285714283
2020-09-18,448.74,451.0,428.8,442.15,86407031,1244892,441.891942,442.7486,False,False,2876242.0,167.25780000000003
2020-09-21,453.21,455.68,407.07,449.39,109477152,1798886,439.660191,417.94,False,True,10479598.0,44.06637142857143
2020-09-22,429.27,437.76,417.6001,424.23,79580811,1406582,426.150014,425.1885,False,False,2823426.0,44.052792857142855
2020-09-23,405.43,412.15,375.8801,380.36,95373118,1813293,391.641287,400.93,False,False,4545618.0,42.2264
2020-09-24,363.8,399.5,351.3,387.79,96561061,1444240,383.353318,373.13,True,True,4116857.0,42.42854285714286
2020-09-25,393.31,408.7323,391.3,407.34,67208600,1013853,402.609817,405.72,True,True,4151135.0,39.92585714285714
2020-09-28,424.79,428.08,415.55,421.2,49719963,861906,420.606445,419.49,True,True,2215403.0,35.09014285714286
2020-09-29,416.0,428.5,411.6,419.07,50341531,832459,420.756253,415.04,False,True,1896376.0,33.52657142857142
2020-09-30,420.9,433.93,420.47,429.01,48149710,805610,428.874962,430.7975,True,False,2977352.0,31.842999999999996
2020-10-01,440.9,448.88,434.42,448.16,50741875,871459,442.266381,436.35,True,True,1479750.0,31.69085714285714
2020-10-02,421.42,439.13,415.0,415.09,71430276,1312394,426.051449,436.021,False,False,1809769.0,30.682285714285715
2020-10-05,423.11,433.64,419.33,425.68,44722809,760365,425.45254,428.148,True,False,1476079.0,28.984428571428573
2020-10-06,423.72,428.7799,406.05,413.98,49146554,868261,417.969584,418.02,True,False,2041306.0,29.002278571428572
2020-10-07,420.0,429.9,413.845,425.3,43127759,697609,423.236223,417.1201,True,True,1688031.0,27.737642857142852
2020-10-08,438.57,439.0,425.3,425.92,40421127,653968,432.30527,434.085,True,False,1279297.0,26.746928571428565
2020-10-09,430.13,434.5899,426.4601,433.95,29234319,480868,431.906425,430.64,True,True,1502387.0,23.89406428571428
2020-10-12,442.0,448.74,438.58,442.3,38793366,682641,443.214834,440.304,False,True,1195642.0,22.67978571428571
2020-10-13,443.54,448.89,436.6,446.65,34527765,602363,444.529095,444.93,True,True,1557271.0,20.104078571428566
2020-10-14,449.94,465.9,447.35,461.3,48045473,839946,459.525721,457.1,False,True,2693426.0,18.036221428571423
2020-10-15,450.93,456.57,442.5,448.88,35672354,644704,448.748851,447.9,False,True,2337535.0,17.883199999999995
2020-10-16,454.2,455.9499,438.85,439.67,32775881,576323,447.798285,450.3415,False,False,1425303.0,17.62319285714285
2020-10-19,446.24,447.0,428.87,430.83,36287843,635260,437.962909,434.6,False,False,2080830.0,17.711049999999997
2020-10-20,431.75,431.75,419.0501,421.94,31656385,649250,424.021309,422.49,True,False,1486373.0,17.55675714285714
2020-10-21,422.57,432.95,421.25,422.64,32373590,635630,428.284049,428.46,True,False,1039084.0,16.97318571428571
2020-10-22,442.02,445.23,424.51,425.79,40003604,696433,432.020311,424.8,False,True,2175583.0,16.21818571428571
2020-10-23,421.32,422.8859,407.3801,420.63,33718180,716937,414.838319,412.239,True,True,1843717.0,16.208178571428565
2020-10-26,410.94,425.76,410.0,420.28,28268522,531458,417.328108,422.51,True,False,1091182.0,15.710328571428565
2020-10-27,423.76,430.5,420.1,424.68,22686536,405455,424.848364,425.92,True,False,917286.0,15.306399999999996
2020-10-28,416.76,418.6,406.0,406.02,25451834,600778,410.954845,413.88,True,False,1051092.0,15.662114285714283
2020-10-29,409.92,418.06,406.46,410.83,22655452,458828,412.245714,410.5299,True,True,907112.0,15.902835714285715
2020-10-30,406.82,407.5915,379.11,388.04,42587646,997521,389.58018,384.87,False,True,2350441.0,17.112121428571424
2020-11-02,394.17,406.9799,392.3,400.51,29049202,512521,398.608822,401.28,True,False,3600766.0,17.587114285714282
2020-11-03,410.0,427.77,406.69,423.9,34355396,607996,420.634951,413.19,True,True,3266556.0,18.15925714285714
2020-11-04,430.68,435.4,417.1,420.84,32147057,574861,423.728738,428.76,False,False,3869153.0,18.123542857142848
2020-11-05,428.42,440.0,424.0001,438.09,28414638,526076,433.340299,432.43,True,True,3882623.0,18.27069285714285
2020-11-06,436.13,436.57,424.28,429.95,21706979,390726,429.614043,428.3017,False,True,2649049.0,17.962121428571425
2020-11-09,440.0,452.5,421.0,421.26,34856935,673356,437.797837,439.0,False,False,2640398.0,19.30498571428571
2020-11-10,420.0,420.09,396.0301,410.36,30284225,670830,408.172446,410.75,False,False,3553202.0,20.271407142857136
2020-11-11,416.54,418.695,410.58,417.13,17357922,335036,415.497001,418.1891,True,False,2306644.0,19.253192857142846
2020-11-12,415.22,423.0,409.52,411.76,19940976,395243,415.415825,416.215,True,False,1878454.0,18.901057142857134
2020-11-13,410.96,412.5319,401.66,408.5,19830514,500953,406.144655,410.865,True,False,2240148.0,18.551907142857136
2020-11-16,408.75,412.45,404.0868,408.09,26838710,582445,421.996526,407.36,False,True,1882158.0,18.406421428571424
2020-11-17,460.26,462.0,433.01,441.61,61253328,1216429,447.311462,459.48,False,False,10336136.0,20.922849999999993
2020-11-18,448.35,496.0,443.5001,486.64,78055533,1470206,475.375957,449.99,True,True,4319074.0,23.947849999999992
2020-11-19,491.97,508.6112,487.57,499.27,62806684,1129603,499.798853,498.7038,True,True,6891747.0,23.25150714285714
2020-11-20,497.89,502.5,489.06,489.61,32928177,645713,494.355724,500.2591,True,False,3680444.0,22.85865714285714
2020-11-23,503.51,526.0,501.79,521.49,50644659,906056,519.05807,518.0101,True,True,6242810.0,23.510799999999996
2020-11-24,540.57,559.99,526.2,555.38,53642060,1051193,546.63547,533.075,False,True,5639871.0,24.953657142857143
2020-11-25,550.16,574.0,545.37,574.0,49006809,924437,562.020516,549.24,False,True,5213002.0,25.630085714285713
2020-11-27,581.84,598.78,578.45,585.76,37561154,783385,590.364296,594.96,True,False,5685041.0,26.41365714285714
2020-11-30,602.45,607.8,554.51,567.6,63009218,1282811,581.639321,594.07,False,False,5797430.0,27.97008571428571
2020-12-01,597.85,597.85,572.05,584.76,40383124,793966,583.728189,584.04,False,True,4755172.0,28.32866428571428
2020-12-02,556.14,571.54,541.21,568.82,47776283,1016400,562.03695,547.05,False,True,7407927.0,30.84402142857142
2020-12-03,590.88,598.97,582.43,593.38,42552535,843517,591.672944,593.1985,True,True,5222897.0,32.0347357142857
2020-12-04,591.31,599.04,585.5,599.04,29401551,593413,593.618946,590.15,False,True,3096167.0,32.225314285714276
2020-12-07,605.0,648.7856,603.05,641.76,56311730,1092397,630.818378,619.8335,True,True,5364638.0,35.1812
2020-12-08,625.0,651.28,618.5,649.88,64268769,1202214,636.306645,628.835,True,True,8130962.0,33.67191428571427
2020-12-09,653.61,654.32,588.0,604.48,71291432,1678949,620.601176,644.565,False,False,5536136.0,34.52405714285714
2020-12-10,573.85,627.75,566.34,627.07,67084325,1343747,607.812431,595.995,True,True,7987643.0,37.34111428571428
2020-12-11,614.87,624.0,596.8,609.99,46889974,882491,610.510682,614.805,False,False,4255076.0,38.54325714285714
2020-12-14,618.28,642.7499,610.2001,639.83,52040701,934550,632.872695,617.04,False,True,4389457.0,38.28396428571428
2020-12-15,643.15,646.9,623.8,633.25,45224283,809050,636.03676,642.55,False,False,4464036.0,37.18396428571429
2020-12-16,628.03,632.5,605.0,622.77,42133861,797209,619.915321,620.76,False,True,3874331.0,37.15682142857143
2020-12-17,628.59,658.82,619.5,655.6,56275864,1032523,642.423046,620.07,False,True,3763284.0,38.19539285714286
2020-12-18,670.0,695.0,628.54,658.34,234609204,2089725,680.663287,677.6333,True,False,9750909.0,39.136107142857156
2020-12-21,665.95,668.5,646.07,649.86,58063248,1226736,658.902792,657.4603,False,False,6575315.0,38.57753571428572
2020-12-22,647.31,649.88,614.23,640.34,51891142,1150498,631.687679,637.56,False,True,5002104.0,38.01325000000001
2020-12-23,632.42,651.4999,622.5701,645.98,33172997,643939,642.156858,626.84,False,True,2768038.0,37.92609285714287
2020-12-24,643.01,666.09,641.0,661.77,22865568,465757,658.508022,644.93,True,True,1921584.0,38.75109285714287
2020-12-28,674.68,681.4,660.8,663.69,32278861,627137,669.639927,677.418,True,False,4342441.0,36.6692642857143
2020-12-29,660.86,669.9,655.0,665.99,22910816,465753,662.650078,665.9631,True,True,2336865.0,35.39212142857144
2020-12-30,672.08,696.6,668.3603,694.78,42846121,767894,684.169655,670.305,False,True,2658538.0,32.84140714285716
2020-12-31,700.0,718.72,691.12,705.67,49650155,915322,707.559345,698.51,False,True,3749549.0,30.42640714285716
2021-01-04,720.0,744.4899,717.1895,729.77,48671409,952188,731.118131,742.6,True,False,6349958.0,31.0371142857143
2021-01-05,723.92,740.84,719.2,735.11,32155175,681717,734.044099,723.0401,False,True,3229887.0,30.242835714285725
2021-01-06,758.0,774.0,749.1,755.98,44703325,962707,762.269623,756.66,False,False,4411543.0,31.370692857142867
2021-01-07,778.25,816.99,775.2,816.04,51499107,1164688,800.593716,792.77,True,True,5038966.0,33.71069285714287
2021-01-08,856.38,884.49,838.39,880.02,75060528,1799650,866.478925,847.7578,False,True,6929000.0,35.79140714285715
2021-01-11,849.74,854.43,803.6222,811.19,59554860,1652650,832.171551,833.13,False,False,6992358.0,36.501250000000006
2021-01-12,830.85,868.0,827.34,849.44,46272779,1006728,853.46795,845.68,True,True,4889627.0,38.956964285714285
2021-01-13,852.66,860.47,832.0,854.41,33312809,776376,846.513598,845.5111,False,True,3360044.0,38.44410714285715
2021-01-14,843.18,863.0,838.75,845.0,31266619,695478,851.464501,848.79,True,False,2789408.0,38.10983571428572
2021-01-15,850.99,859.9,819.1,826.16,38777628,909533,838.300628,852.22,True,False,3234680.0,39.23197857142857
2021-01-19,837.74,850.0,833.0,844.55,25367058,611584,840.724299,844.7725,True,False,3315736.0,39.46340714285714
2021-01-20,858.71,859.5,837.28,850.45,25665883,627381,849.587955,855.18,False,False,2589606.0,39.98626428571429
2021-01-21,855.0,855.7199,841.4201,844.99,20613266,486213,847.115338,847.77,False,False,2500703.0,38.821250000000006
2021-01-22,834.63,848.0,828.62,846.64,20066513,552890,838.590777,835.0311,True,True,1852455.0,38.23410714285715
2021-01-25,855.33,900.4,838.8201,880.8,41148716,971903,873.339802,875.2613,True,True,2737829.0,39.85982142857142
2021-01-26,891.68,895.9,871.6,883.09,23239818,607305,885.846197,882.35,False,True,2985391.0,40.04982142857142
2021-01-27,870.35,891.5,858.66,864.16,27333955,896055,868.936011,868.87,False,False,1665323.0,39.61767857142856
2021-01-28,819.45,848.0,801.0,835.43,26383788,935864,831.341042,829.71,True,True,3700605.0,39.771249999999995
2021-01-29,827.77,842.41,780.1,793.53,35029668,1315024,805.060316,828.09,False,False,1839183.0,39.33267857142856
2021-02-01,813.43,842.0,795.5601,839.81,25419892,817448,823.420381,817.8,True,True,2476205.0,37.3378357142857
2021-02-02,845.61,880.5,842.2006,872.79,24347313,712170,869.841359,863.25,True,True,2839572.0,36.18640714285714
2021-02-03,877.64,878.08,853.0646,854.69,18343510,565774,861.138473,865.01,False,False,2141675.0,35.93964999999999
2021-02-04,855.0,856.5,833.42,849.99,15812762,488969,844.533129,848.165,False,True,1676173.0,35.85607857142857
2021-02-05,845.42,864.77,838.97,852.23,18566637,503361,852.551977,847.21,True,True,1481646.0,34.78465
2021-02-08,870.0,877.77,854.75,863.42,20162538,577775,865.600914,869.7,True,False,2437682.0,34.906078571428566
2021-02-09,855.7,859.8,841.75,849.46,15157682,537355,849.223905,852.95,False,False,1568239.0,34.86679285714285
2021-02-10,843.64,844.82,800.02,804.82,36216149,1269213,814.745419,837.0,False,False,2078048.0,37.37680714285714
2021-02-11,812.34,829.8799,801.725,811.66,21623053,634541,813.720906,821.3925,True,False,2503163.0,38.003585714285705
2021-02-12,801.46,817.33,785.3306,816.12,23768393,822151,800.968856,801.03,False,True,3026662.0,35.89069285714286
2021-02-16,818.01,821.0,792.44,796.22,19802602,703338,803.631013,813.84,False,False,2159787.0,36.19497857142857
2021-02-17,778.17,799.84,762.01,798.15,26080058,925853,781.230234,775.863,False,True,3836118.0,36.551407142857144
2021-02-18,780.9,794.69,776.27,787.38,17960528,563102,786.468944,789.87,True,False,1902354.0,33.60283571428572
2021-02-19,794.69,796.7899,777.37,781.3,18968255,618580,785.726796,793.97,False,False,1533985.0,30.539257142857146
2021-02-22,760.88,768.5,710.2,714.5,37270058,1355574,738.855442,763.6293,True,False,2817715.0,32.15568571428571
2021-02-23,661.5,713.6099,619.0,698.84,66706494,2040541,675.480629,632.47,False,True,10360967.0,36.07068571428571
2021-02-24,711.6,745.0,694.17,742.02,36766966,1004866,722.024299,705.2182,False,True,4684218.0,37.91458571428571
2021-02-25,725.11,737.2066,670.58,682.22,39025072,1292757,701.699745,729.72,True,False,2529422.0,41.36887142857142
2021-02-26,699.86,706.7,659.51,675.5,41490883,1141069,680.523594,694.395,False,False,2891403.0,42.89672857142857
2021-03-01,690.11,872.0,685.05,718.43,27236343,820205,706.908037,690.31,True,True,2472065.0,55.10815714285714
2021-03-02,718.23,721.11,685.0,686.44,23732185,842211,702.218577,707.935,False,False,2080463.0,56.139585714285715
2021-03-03,687.94,700.7,651.705,653.2,30208266,1046912,675.609582,688.99,True,False,1852453.0,56.1078
2021-03-04,653.71,873.94,600.0,621.44,65994582,2044218,625.914625,656.9412,True,False,2649395.0,73.66387857142857
2021-03-05,625.61,627.8419,539.49,597.95,89398527,2557912,583.754583,605.765,False,False,6061680.0,77.68905714285714
2021-03-08,600.49,620.125,558.79,563.0,51787320,1582497,586.799145,612.779,True,False,5519384.0,80.03012857142858
2021-03-09,608.59,678.09,595.21,673.58,67526655,1857658,645.298549,599.24,False,True,5198221.0,85.54870000000003
2021-03-10,700.52,717.85,655.06,668.06,60611777,1645356,683.770427,705.3501,True,False,8324178.0,88.47084285714287
2021-03-11,699.72,702.5,677.18,699.6,36253903,1025554,692.437207,685.3217,False,True,3652140.0,89.54370714285717
2021-03-12,668.67,694.88,666.1394,693.73,33615551,1009442,683.434879,678.35,True,True,3552273.0,86.8551785714286
2021-03-15,694.0,713.18,684.04,707.94,29424572,874727,702.192371,705.32,True,True,1475516.0,82.1151785714286
2021-03-16,703.42,707.92,671.0,676.88,32195678,930902,691.485896,703.99,False,False,1160254.0,81.12303571428573
2021-03-17,655.81,703.73,651.01,701.81,40372475,1015368,679.778933,673.28,False,True,1516421.0,79.78589285714288
2021-03-18,684.64,689.23,652.0,653.16,33381190,1017966,671.756297,680.4499,False,False,1379206.0,79.97303571428574
2021-03-19,647.6,657.23,624.6201,654.87,42923181,1057845,645.638345,646.51,True,True,2217615.0,68.26660000000003
2021-03-22,684.98,699.62,668.75,670.0,39672224,1058261,686.090552,684.61,True,False,1344058.0,68.88374285714288
2021-03-23,675.73,677.8,657.51,662.16,30491873,787148,667.877651,666.91,False,False,1995420.0,66.83338571428574
2021-03-24,668.02,668.02,630.11,630.27,33795293,919140,650.213142,654.8208,True,False,1326176.0,49.974100000000014
2021-03-25,612.06,645.5,609.5,640.39,39227556,958382,629.848983,625.66,False,True,1446792.0,46.23467857142858
2021-03-26,642.54,643.82,599.89,618.71,33859502,1107683,618.965789,639.213,True,False,858367.0,44.9914642857143
2021-03-29,615.75,616.48,596.02,611.29,28753042,941331,606.917087,608.56,True,True,1205107.0,38.3914642857143
2021-03-30,602.2,637.66,591.01,635.62,39432359,890515,617.836714,614.7801,True,True,2582634.0,37.238607142857155
2021-03-31,646.95,672.0,641.11,667.93,33337386,814053,659.534667,662.45,True,True,1712737.0,37.37717857142858
2021-04-01,688.67,692.4203,659.42,661.75,35288293,874248,675.897082,683.74,True,False,1470158.0,37.34430000000001
2021-04-05,708.0,708.16,684.7,691.05,41851500,1056122,697.25735,695.5501,False,False,2061536.0,38.577871428571434
2021-04-06,690.54,696.55,681.37,691.62,28259344,658438,690.336493,688.9715,True,True,859226.0,37.023585714285716
2021-04-07,686.95,691.38,667.84,670.97,26164665,589423,680.371564,688.4001,False,False,849803.0,34.956442857142854
2021-04-08,677.88,689.5499,671.645,683.8,23908259,565500,682.666495,687.2282,True,False,1598407.0,32.725721428571426
2021-04-09,677.88,680.97,669.43,677.02,21409521,609310,675.356951,674.46,False,True,1032670.0,31.422871428571423
2021-04-12,685.39,704.8,682.09,701.1,28514922,765973,698.033078,697.4199,False,True,1480169.0,30.210728571428564
2021-04-13,713.24,763.0,710.83,762.35,43243779,1143851,742.138317,738.915,True,True,2476664.0,33.182871428571424
2021-04-14,770.56,780.79,728.03,732.73,48380943,1251817,755.284281,753.14,False,False,2553957.0,34.24358571428571
2021-04-15,743.51,743.69,721.31,738.7,27386795,721771,732.513418,733.6044,True,True,1485753.0,33.27072857142857
2021-04-16,730.2,749.41,724.6,739.395,27305717,727007,736.593191,730.9833,True,True,913856.0,31.90501428571428
2021-04-19,718.0,725.4,691.8001,714.98,39309333,1001404,708.741548,699.4119,False,True,1885484.0,33.6839357142857
2021-04-20,717.39,737.25,710.685,718.79,34937852,820998,722.209279,726.76,False,False,1777459.0,32.24929285714285
2021-04-21,704.4,744.84,698.0,743.91,30450439,748605,724.076159,716.6346,True,True,1196249.0,32.99643571428571
2021-04-22,741.37,753.77,718.04,719.69,35564031,860264,734.842109,741.27,False,False,1332497.0,33.19141428571428
2021-04-23,720.97,737.36,715.46,729.4,29217524,628819,728.878656,727.55,False,True,1092785.0,31.440699999999993
2021-04-26,740.75,749.3,732.6053,738.2,31026791,877522,736.704552,738.24,False,False,1262858.0,31.77784285714285
2021-04-27,717.17,724.0,703.3501,704.74,29367169,905340,711.073255,706.3658,False,False,1486190.0,32.56855
2021-04-28,696.7,708.5,693.6,694.4,22039562,690943,699.069447,701.804,False,False,894486.0,32.3057
2021-04-29,700.0,702.25,668.5002,677.0,28724535,895420,681.173386,683.6529,False,False,2642643.0,33.68997142857143
2021-04-30,667.77,715.47,666.14,709.44,40715302,1012830,698.75148,697.92,True,True,2526594.0,35.22925714285715
2021-05-03,703.55,706.0,680.5,684.9,27025002,760534,690.163298,692.56,False,False,1236915.0,32.87497142857144
2021-05-04,678.5,683.4464,657.701,673.6,29625227,869011,667.47296,671.237,False,True,1589102.0,31.049185714285727
2021-05-05,681.96,685.2955,667.34,670.94,21878884,564174,674.587961,677.5,True,False,1102513.0,30.73315
2021-05-06,681.02,681.02,650.0,663.7,27198625,713533,663.09912,660.17,True,True,1453662.0,31.17672142857143
2021-05-07,665.66,690.0,660.22,672.37,23461071,582218,672.187364,682.51,True,False,1334941.0,29.904228571428575
2021-05-10,664.8,665.05,627.6101,629.04,31336228,938436,642.189401,649.1699,True,False,1238440.0,31.203864285714285
2021-05-11,599.72,627.0999,595.6,617.2,46433614,1219138,611.752405,604.9561,True,True,2783642.0,30.246721428571423
2021-05-12,602.0,620.41,586.765,589.8903,33206440,980851,601.76191,602.31,False,False,1551676.0,30.09779285714285
2021-05-13,601.87,606.4599,559.65,571.4,43732749,1287824,579.812626,585.0335,False,False,1846131.0,31.87707142857142
2021-05-14,583.72,592.87,570.46,589.72,32935912,881742,583.383283,589.61,True,True,2413753.0,32.05635714285713
2021-05-17,575.34,589.73,561.2,576.83,32391095,836608,574.168108,582.4194,True,False,1403570.0,31.6049357142857
2021-05-18,568.48,596.25,563.38,577.87,36831351,829994,582.089305,587.1,True,False,2178204.0,32.88850714285713
2021-05-19,551.58,566.21,546.98,563.46,39563564,1018731,556.832639,556.28,False,True,1993633.0,32.6842357142857
2021-05-20,575.0,588.85,571.07,586.78,30821524,663607,580.210019,579.83,False,True,1571286.0,30.974235714285694
2021-05-21,596.68,596.68,580.0,580.88,26230684,588056,587.435609,587.0238,False,False,1158476.0,30.0985214285714
2021-05-24,581.63,614.48,573.65,606.44,34570666,728785,599.532123,596.9587,True,True,1950148.0,31.072164285714262
2021-05-25,607.31,613.99,595.71,604.69,28005975,620964,602.994592,601.72,False,True,1668878.0,31.09534285714284
2021-05-26,607.83,626.17,601.5,619.13,28640592,650727,616.945208,614.5,True,True,2504812.0,30.64177142857141
2021-05-27,620.17,631.13,616.21,630.85,26413339,592404,623.328523,625.4,False,True,954253.0,29.580342857142835
2021-05-28,628.5,635.59,622.38,625.22,22736938,541700,628.798132,624.2406,True,True,1124673.0,27.32677857142855
2021-06-01,627.66,633.8,620.55,623.9,18084990,445658,626.333161,626.0305,False,False,718723.0,25.8846357142857
2021-06-02,620.33,623.36,599.14,605.12,23302828,681174,607.540467,611.37,False,False,1133919.0,25.249992857142843
2021-06-03,601.71,604.55,571.22,572.84,30109193,880515,588.348872,596.52,True,False,782643.0,24.32785714285713
2021-06-04,580.0,600.61,577.2,599.05,24091196,564362,593.686594,594.3755,False,True,1065429.0,24.71071428571427
2021-06-07,591.6,610.0,582.88,605.13,22543817,605297,592.903969,586.1228,False,True,635936.0,24.60999999999999
2021-06-08,622.89,623.09,595.5,603.59,26070618,584211,606.564722,606.45,False,False,1727353.0,24.232857142857135
2021-06-09,602.37,611.79,597.6301,598.78,16584567,384583,603.112389,606.205,True,False,623059.0,23.03784999999999
2021-06-10,604.0,616.59,600.5,610.12,23901630,506944,610.590047,608.282,False,True,955474.0,22.496421428571427
2021-06-11,610.12,612.56,601.52,609.89,16187148,378939,607.454767,605.5,False,True,601785.0,22.093564285714283
2021-06-14,612.23,625.49,609.18,617.69,20414295,460592,617.967431,617.0,False,True,851930.0,20.342135714285714
2021-06-15,616.74,616.79,598.23,599.36,17754263,438380,605.634884,607.26,False,False,836283.0,20.426421428571434
2021-06-16,597.45,608.5,593.5,604.87,22114162,475920,601.111705,599.2384,False,True,489327.0,19.735707142857148
2021-06-17,601.55,621.47,601.34,616.6,22650108,502641,614.835473,612.9,True,True,846902.0,20.10785000000001
2021-06-18,613.52,628.35,611.8,623.31,24568178,500910,620.446866,617.13,True,True,723155.0,20.34642142857144
2021-06-21,624.12,631.39,608.88,620.83,24785127,490051,620.894102,613.475,True,True,799632.0,21.007850000000012
2021-06-22,618.74,628.5693,615.5,623.71,19144067,376082,622.988907,617.83,False,True,640092.0,20.172800000000013
2021-06-23,632.0,657.204,630.04,656.57,31076713,675347,650.419425,652.4,False,True,1870030.0,20.143800000000006
2021-06-24,675.21,697.62,667.61,679.82,45964276,979036,684.478434,685.7393,True,False,1630869.0,21.092371428571433
2021-06-25,689.58,693.81,668.7,671.87,32469263,606254,678.7906,687.14,True,False,1470461.0,20.9488
2021-06-28,671.64,694.6999,670.32,688.72,21619848,476199,686.515999,690.0,True,False,1675696.0,20.719507142857132
2021-06-29,685.12,687.5099,675.89,680.76,17384914,392477,680.659149,682.56,True,False,953116.0,20.624514285714277
2021-06-30,680.0,692.81,678.14,679.7,18899374,424103,685.011178,688.78,True,False,1531079.0,20.400228571428556
2021-07-01,683.8,687.99,672.8,677.92,18608916,400840,679.129703,683.69,True,False,1337815.0,20.696657142857134
2021-07-02,678.98,700.0,673.26,678.9,27114027,557863,683.739232,680.3,False,False,1297684.0,21.44165714285713
2021-07-06,681.75,684.0,651.4002,659.58,23280113,608898,661.655815,664.43,False,False,943202.0,22.380214285714267
2021-07-07,664.41,665.7,638.32,644.65,18779588,434177,647.737467,639.1,False,True,1647473.0,23.26449999999998
2021-07-08,628.0,654.43,620.46,652.81,22754315,474249,640.591604,640.69,True,True,1074508.0,24.253071428571406
2021-07-09,653.28,658.91,644.69,656.95,18124930,365107,653.642953,650.6043,False,True,511904.0,24.086642857142824
2021-07-12,662.36,687.24,662.161,685.7,25921423,541463,680.189536,679.83,False,True,1511851.0,24.642357142857104
2021-07-13,686.49,693.28,666.2958,668.54,20944825,436541,677.45453,676.277,False,False,945258.0,25.636278571428534
2021-07-14,670.9,678.6099,652.84,653.38,21618015,431858,665.671521,668.72,False,False,740954.0,25.08455714285711
2021-07-15,658.37,666.14,637.88,650.6,20188731,431049,652.092656,655.125,False,False,1043377.0,24.170985714285685
2021-07-16,653.4,656.6999,642.2,644.22,16349545,333893,646.838409,648.708,True,False,808632.0,23.4131214285714
2021-07-19,629.73,647.1999,621.29,646.22,21237473,480299,636.182512,630.03,True,True,961732.0,23.522407142857123
2021-07-20,652.16,662.3916,640.501,660.5,15455447,339782,650.708928,648.15,True,True,624611.0,24.16959285714284
2021-07-21,659.61,664.8599,650.2901,655.29,13969874,320011,657.305699,658.71,False,False,389763.0,24.162435714285696
2021-07-22,656.11,662.17,644.6001,649.26,15098196,321863,652.253953,653.295,False,False,442164.0,24.332428571428547
2021-07-23,646.25,648.8,637.3001,643.38,14595605,344204,642.700176,638.307,False,True,646181.0,23.276707142857113
2021-07-26,650.13,668.1999,647.11,657.62,25329116,548082,659.489741,659.81,False,False,1023985.0,22.72099999999997
2021-07-27,663.38,666.5,627.24,644.78,32808014,739551,642.440096,644.54,True,True,1460243.0,23.5695714285714
2021-07-28,646.62,654.9699,639.4001,646.98,15989893,364135,647.077677,646.91,False,True,866633.0,22.25527142857141
2021-07-29,649.36,683.69,648.8,677.35,30381771,636661,673.129523,674.99,True,True,2238431.0,23.861699999999992
2021-07-30,672.0,697.53,669.0,687.2,29636544,640594,686.950413,691.14,True,False,1324233.0,23.735985714285707
2021-08-02,700.0,726.94,698.4,709.67,33597842,817244,716.01172,724.5334,True,False,1633633.0,24.64711428571428
2021-08-03,719.0,722.65,701.01,709.74,21596607,497878,710.3898,705.71,False,True,1052510.0,24.352121428571422
2021-08-04,711.0,724.9,708.93,710.92,16988152,408762,714.339009,717.1141,True,False,896627.0,23.47426428571428
2021-08-05,716.0,720.9499,711.41,714.63,12916096,324792,715.905145,716.56,True,False,850742.0,23.154978571428575
2021-08-06,711.9,716.33,697.63,699.1,15626310,410726,703.712032,707.38,False,False,633318.0,22.63998571428572
2021-08-09,710.19,719.03,705.13,713.76,14707359,339788,714.01805,712.5239,False,True,714238.0,22.499942857142855
2021-08-10,713.23,716.59,701.88,709.99,13426351,320977,709.101867,705.4214,False,True,781531.0,22.509957142857143
2021-08-11,712.71,715.18,704.21,707.82,9792668,256201,708.533767,711.05,False,False,398590.0,22.03853571428571
2021-08-12,705.66,722.8,699.4,722.25,17699000,398893,714.337533,707.285,True,True,851325.0,22.855685714285716
2021-08-13,723.86,729.9,714.34,717.17,16727853,360872,720.254838,718.1501,False,False,734932.0,22.194264285714286
2021-08-16,706.0,709.5,676.4,686.17,23087999,624688,687.409672,683.9301,True,True,1284782.0,22.30212142857143
2021-08-17,672.59,674.58,648.84,665.71,23708898,619728,661.522171,669.5827,True,False,752659.0,23.856421428571416
2021-08-18,670.17,695.77,669.35,688.99,20330218,485034,687.231481,689.135,True,False,1037979.0,23.381421428571407
2021-08-19,678.21,686.55,667.59,673.47,14295797,343979,676.695089,677.1552,False,False,540155.0,22.872135714285694
2021-08-20,682.85,692.1299,673.7,680.26,14944925,335152,680.062514,676.6,False,True,431493.0,21.366414285714264
2021-08-23,685.0,712.1299,680.7505,706.3,20257206,461064,703.086492,704.51,True,True,1283115.0,22.09712142857141
2021-08-24,710.66,715.22,702.64,708.49,13082432,309462,708.22444,706.6887,False,True,537757.0,21.854978571428553
2021-08-25,706.73,716.97,704.0,711.2,12643343,292629,711.752407,710.4805,False,True,485448.0,22.0649857142857
2021-08-26,708.4,715.4,697.6201,701.16,13199113,320793,705.546294,708.27,False,False,570747.0,21.99926428571427
2021-08-27,705.41,715.0,702.1001,711.92,13820033,318079,710.593659,709.43,False,True,469770.0,21.564264285714273
2021-08-30,714.51,731.0,712.73,730.91,18621884,468531,725.158195,721.3629,False,True,499627.0,21.87640714285713
2021-08-31,733.0,740.39,726.44,735.72,20817561,421184,734.681557,737.7,True,False,1031317.0,22.089264285714275
2021-09-01,734.0,741.99,731.2701,734.09,13211735,322313,736.580018,739.08,True,False,393030.0,21.18354285714285
2021-09-02,734.88,740.97,730.54,732.39,12790674,310187,735.433373,736.59,False,False,335918.0,20.81711428571429
2021-09-03,732.14,734.0,724.2,733.57,15268795,356869,729.368987,729.5,False,True,468817.0,18.604971428571428
2021-09-07,740.0,760.2,739.26,752.92,20036814,499392,752.705285,756.7799,False,False,781057.0,17.84068571428572
2021-09-08,761.43,764.45,740.7733,753.87,18696085,447048,752.566551,751.72,False,True,1128610.0,17.384735714285732
2021-09-09,753.41,762.1,751.6301,754.86,14074408,331890,756.803151,757.3,True,False,465316.0,16.604014285714307
2021-09-10,759.56,762.61,734.5201,736.27,15180363,380795,749.703808,755.27,False,False,506241.0,17.277585714285742
2021-09-13,740.07,744.78,708.85,743.0,22940244,505741,728.541134,722.12,True,True,1124364.0,17.567592857142877
2021-09-14,742.84,754.47,736.4,744.49,18555216,391144,745.714189,747.5788,False,False,756582.0,17.959735714285735
2021-09-15,745.0,756.86,738.36,755.83,15352682,351113,748.883832,741.7332,True,True,541270.0,18.354735714285734
2021-09-16,752.83,758.91,747.61,756.99,13919203,289874,753.246768,749.895,True,True,668964.0,17.89188571428573
2021-09-17,756.95,761.04,750.0,759.49,28191962,382649,757.463463,754.87,False,True,652749.0,17.691885714285725
2021-09-20,734.13,742.0,718.6249,730.17,24838933,553246,729.818872,730.0343,False,True,914488.0,19.247964285714293
2021-09-21,735.0,744.7399,730.44,739.38,16325386,314158,739.41859,739.4679,False,False,543043.0,19.292242857142874
2021-09-22,743.43,753.6699,739.12,751.94,15088421,318119,747.914508,746.73,True,True,587350.0,19.5658142857143
2021-09-23,755.0,758.2,747.92,753.64,11922183,285583,753.391826,753.19,False,True,466685.0,19.555100000000014
2021-09-24,745.98,774.8,744.56,774.39,21462293,471088,763.25386,763.0,True,True,1755798.0,21.015100000000018
2021-09-27,773.42,799.0,769.31,791.36,28034298,605245,786.951379,782.61,True,True,1711163.0,21.23367142857145
2021-09-28,787.28,795.64,766.1801,777.56,25359698,535646,780.700487,784.35,False,False,965904.0,21.646757142857155
2021-09-29,779.8,793.5,770.68,781.31,20890904,416124,782.390721,789.89,True,False,715965.0,22.528907142857154
2021-09-30,780.0,789.1305,775.0,775.48,17867446,361432,782.120009,781.4199,False,False,941349.0,21.53180714285715
2021-10-01,778.4,780.78,763.59,775.22,17023634,363954,772.146796,763.95,False,True,678043.0,20.19323571428572
2021-10-04,796.35,806.9699,776.12,781.53,30434636,639254,790.545734,791.74,False,False,2148232.0,21.170371428571432
2021-10-05,783.75,797.31,774.2,780.59,18412658,401085,785.246078,790.705,True,False,838890.0,21.49965714285714
2021-10-06,776.26,786.66,773.22,782.75,14562520,330980,780.795807,782.13,True,True,709409.0,21.652514285714282
2021-10-07,784.9,805.0,783.38,793.61,19182495,412102,792.139721,788.1,True,True,463964.0,22.45322857142857
2021-10-08,796.38,796.38,780.91,785.49,16726161,401025,787.125812,784.16,False,True,893956.0,20.63929285714286
2021-10-11,787.94,801.24,785.5,791.94,14183219,345728,794.879367,792.0,False,False,635491.0,20.72358571428571
2021-10-12,800.63,812.32,796.57,805.72,21979621,498557,806.770233,806.21,True,False,1009742.0,21.140021428571426
2021-10-13,809.91,815.41,805.78,811.08,14060887,346002,809.692057,809.16,True,True,583792.0,21.09787857142856
2021-10-14,815.42,820.25,813.3501,818.32,12229508,303839,817.395407,815.16,True,True,434940.0,19.592878571428553
2021-10-15,824.53,843.21,822.35,843.03,18877912,453420,833.23086,830.6996,True,True,1342913.0,19.250021428571408
2021-10-18,851.47,875.26,851.47,870.11,24136885,593622,865.072889,862.35,False,True,718552.0,19.447885714285697
2021-10-19,877.35,877.95,862.51,864.27,17359043,477569,869.692174,866.93,False,False,642591.0,18.92074285714284
2021-10-20,865.26,869.49,857.38,865.8,13975882,400821,864.2958,867.0049,False,False,569004.0,18.776421428571414
2021-10-21,856.5,900.0,855.5046,894.0,31437542,736743,889.043193,898.0,True,False,1559319.0,20.726807142857133
2021-10-22,894.8,910.0,890.96,909.68,22759031,573892,904.300177,905.85,False,True,1032947.0,19.81895714285713
2021-10-25,951.5,1045.02,944.2,1024.86,62816932,1653754,990.267664,969.26,False,True,2521711.0,27.83538571428571
2021-10-26,1024.17,1094.94,1001.44,1018.43,62336885,1715227,1043.846245,1083.7601,True,False,2111079.0,33.55395714285714
2021-10-27,1038.18,1070.88,1030.78,1037.86,38329773,929339,1048.683644,1057.38,True,False,1803302.0,35.71110000000001
2021-10-28,1067.99,1081.0,1054.2,1077.04,27170458,664610,1070.142215,1070.24,True,True,2057294.0,37.68752857142859
2021-10-29,1082.19,1115.21,1073.205,1114.0,29864077,762144,1095.79563,1089.79,True,True,1188397.0,39.56288571428574
2021-11-01,1145.0,1209.75,1118.66,1208.59,56010148,1372235,1165.689666,1139.93,True,True,1653432.0,44.94645714285717
2021-11-02,1160.0,1208.59,1146.0,1172.0,42736452,1230021,1176.790527,1187.3,False,False,1581130.0,48.725028571428595
2021-11-03,1177.51,1215.39,1152.62,1213.86,34627774,880370,1185.131577,1177.33,False,True,733840.0,52.55360000000004
2021-11-04,1234.86,1243.49,1217.0,1229.91,25397588,764999,1233.460993,1237.0099,True,False,1075175.0,52.89217142857148
2021-11-05,1228.0,1239.87,1208.0,1222.09,21635366,608252,1227.28567,1235.55,True,False,926232.0,52.866457142857186
2021-11-08,1149.22,1197.0,1133.0,1162.94,33445230,1095712,1174.573866,1169.16,True,False,6072832.0,58.12717142857146
2021-11-09,1173.22,1174.5,1011.52,1023.5,59429683,1825842,1067.562234,1150.0,False,False,3385369.0,68.90360000000003
2021-11-10,1010.03,1078.1,987.31,1067.95,42795718,1324584,1049.177658,1034.075,True,True,6212615.0,72.21035714285718
2021-11-11,1102.0,1104.97,1054.68,1063.51,22464822,686786,1072.83871,1077.295,False,False,3678929.0,74.44250000000002
2021-11-12,1048.0,1054.5,1019.2,1033.42,25570317,776455,1033.064002,1034.73,False,False,2616892.0,67.94035714285717
2021-11-15,1017.17,1031.98,978.6,1013.39,34769096,1250628,1000.271761,998.0955,False,True,3062021.0,65.17750000000002
2021-11-16,1004.0,1057.1999,1002.18,1054.73,26571547,715774,1041.966174,1022.84,True,True,3304000.0,65.3610642857143
2021-11-17,1063.51,1119.64,1055.5,1089.01,31441321,891661,1089.480259,1058.0,False,True,1933216.0,66.91606428571431
2021-11-18,1106.1,1112.0,1075.02,1096.38,20890532,617966,1095.256151,1106.88,True,False,2248014.0,66.55713571428574
2021-11-19,1100.0,1138.7199,1092.7,1137.06,21638108,589237,1117.566495,1106.675,True,True,1880780.0,63.00498571428573
2021-11-22,1161.94,1201.95,1132.43,1156.87,33070331,968824,1174.93384,1181.0203,True,False,3387519.0,63.499985714285735
2021-11-23,1167.33,1180.4999,1062.7,1109.03,36154660,1031607,1114.212626,1169.9503,True,False,2272862.0,67.43069285714286
2021-11-24,1082.0,1132.77,1062.0,1116.0,22551731,644985,1109.232718,1068.05,False,True,2232701.0,70.36926428571428
2021-11-26,1099.47,1108.7827,1081.0,1081.92,11674085,391680,1092.129253,1085.3,False,False,1598682.0,70.59283571428571
2021-11-29,1100.34,1142.67,1100.19,1136.99,19459334,612090,1129.626184,1123.11,True,True,2321562.0,68.56855
2021-11-30,1144.48,1168.0,1118.0,1144.76,27058043,655634,1142.845938,1159.58,True,False,2516641.0,60.49855000000001
2021-12-01,1160.0,1172.8399,1090.76,1095.0,22917497,711261,1136.102434,1159.0713,False,False,2175430.0,59.876400000000004
2021-12-02,1100.0,1113.0,1056.65,1084.6,24340702,727949,1084.561039,1103.54,True,False,2010902.0,60.30925714285714
2021-12-03,1085.0,1090.5753,1000.21,1014.97,30770129,1043144,1028.746291,1069.29,False,False,1433267.0,63.59892142857143
2021-12-06,1000.4,1021.64,950.5,1009.01,27217423,1013144,990.568269,979.7799,False,True,4708379.0,64.76463571428572
2021-12-07,1044.34,1057.6739,1026.81,1051.75,18684405,536369,1044.685956,1034.635,False,True,2017706.0,64.31063571428571
2021-12-08,1052.96,1072.38,1033.0001,1068.96,13962963,422043,1053.998551,1042.6971,False,True,1567308.0,62.48705714285713
2021-12-09,1060.64,1062.49,1002.36,1003.8,19804108,630496,1026.798413,1050.65,False,False,1505964.0,64.60277142857142
2021-12-10,1008.75,1020.9797,982.53,1017.03,19878287,677356,1004.671768,991.0724,False,True,2143206.0,64.06204285714286
2021-12-13,1001.09,1005.0,951.42,966.41,26047124,1046906,970.57807,996.57,False,False,2078989.0,63.782757142857136
2021-12-14,944.97,966.41,930.0,958.51,23619959,759104,946.184673,953.14,True,True,2898840.0,57.96919285714285
2021-12-15,953.21,978.7499,928.2501,975.99,25039957,764088,953.219373,962.0396,True,True,1684124.0,56.521321428571426
2021-12-16,994.45,994.98,921.85,926.92,27592243,943036,947.421701,975.14,False,False,1942784.0,59.24489285714286
2021-12-17,915.0,960.6599,909.0401,932.57,33638159,732330,936.534322,922.73,True,True,3751957.0,58.59273571428571
2021-12-20,910.45,921.6884,893.39,899.94,18809798,697288,903.647239,913.9879,True,False,2753262.0,57.81987857142857
2021-12-21,916.9,939.5,886.12,938.53,23831800,714130,916.124699,916.27,False,True,2131033.0,55.769885714285714
2021-12-22,965.64,1015.6599,957.05,1008.87,31207189,899893,993.8492,979.675,True,True,3640214.0,57.254164285714296
2021-12-23,1005.27,1072.9767,997.56,1067.0,30899815,913799,1045.860172,1002.16,False,True,2291507.0,56.186407142857156
2021-12-27,1073.0,1117.0,1070.7152,1093.94,23726583,776804,1099.663656,1090.36,True,True,3070677.0,54.67640714285716
2021-12-28,1108.74,1118.9999,1078.42,1088.47,20104573,611742,1093.39401,1102.7,False,False,2979261.0,54.09897857142858
2021-12-29,1098.75,1104.0,1064.14,1086.19,18716238,538929,1084.736183,1089.3,False,False,1845609.0,54.133271428571426
2021-12-30,1060.38,1095.55,1053.15,1070.34,15679773,493912,1077.500873,1065.805,True,True,2154340.0,52.404699999999984
2021-12-31,1073.2,1081.9999,1054.59,1056.78,13581141,381242,1067.181286,1073.5526,True,False,1192489.0,51.61614285714285
2022-01-03,1148.54,1201.07,1136.04,1199.78,34891136,1162663,1170.753565,1165.1979,True,True,4806106.0,57.236142857142845
2022-01-04,1188.8,1208.0,1123.05,1149.59,33412834,1051349,1162.16493,1204.728,True,False,3312837.0,60.703285714285705
2022-01-05,1146.5,1170.34,1081.0101,1088.12,26781140,811553,1126.599343,1155.23,True,False,2246431.0,63.47686428571427
2022-01-06,1075.64,1088.0,1020.5,1064.7,30134340,880379,1060.305232,1083.0,True,False,2615651.0,63.08329285714284
2022-01-07,1079.14,1080.9299,1010.0,1026.96,28048130,823208,1039.256763,1073.085,False,False,2133280.0,64.46258571428571
2022-01-10,1000.0,1059.1,980.0,1058.12,30569421,970204,1017.299594,984.9899,False,True,3388508.0,67.31401428571426
2022-01-11,1053.9,1075.85,1038.82,1064.4,22021089,644111,1060.483522,1043.2999,False,True,2240048.0,66.14615714285712
2022-01-12,1078.03,1114.84,1072.5901,1106.22,27903594,761281,1095.952253,1075.43,False,True,2546007.0,64.23973571428567
2022-01-13,1109.91,1115.6,1026.5391,1031.56,32654822,923636,1068.343775,1105.8699,False,False,2187968.0,65.21432142857138
2022-01-14,1019.84,1052.0,1013.3788,1049.61,24298971,709972,1035.147281,1038.0,True,True,3295393.0,64.40154999999996
2022-01-18,1026.75,1070.7899,1016.06,1030.51,22317537,662348,1042.160362,1034.97,True,False,2105707.0,65.41226428571426
2022-01-19,1041.3,1054.6699,995.0,995.65,25129165,827617,1015.369728,1038.82,False,False,1871458.0,66.82725714285712
2022-01-20,1009.86,1041.66,994.0,996.27,23460122,711282,1018.912473,1024.21,True,False,2265136.0,67.20297142857143
2022-01-21,996.7,1004.55,940.5,943.9,34421943,1144270,963.823595,972.51,False,False,2928353.0,69.82012142857141
