date,open,high,low,close,volume,trade_count,vwap,15min_close,is_positive_start,is_positive_end,15min_volume
2019-04-22,217.3,219.4,217.27,218.54,1403492,15954,218.319705,217.2,False,True,600.0
2019-04-23,218.0,219.55,217.18,219.5,1561876,18448,218.857912,218.75,False,True,100.0
2019-04-24,218.91,219.75,218.1,219.08,2048899,22614,218.979358,218.755,False,True,118060.0
2019-04-25,197.12,198.96,189.6,190.72,14646523,139163,193.822569,202.5,False,False,12121.0
2019-04-26,190.53,192.25,189.36,191.67,4491277,49377,190.895551,191.57,False,True,261.0
2019-04-29,191.38,192.19,189.75,190.21,3803571,39712,190.598595,192.36,False,False,100.0
2019-04-30,190.36,190.86,186.5475,189.51,4541046,40224,188.611769,190.69,False,False,426.0
2019-05-01,189.48,189.71,185.92,186.07,3818575,38497,187.168484,189.47,False,False,100.0
2019-05-02,184.6,186.5,183.38,184.75,5655032,53005,184.43193,186.49,False,False,400.0
2019-05-03,186.0,186.685,184.0886,185.22,4813767,44915,185.233864,185.66,False,False,100.0
2019-05-06,181.64,183.1055,180.13,183.04,6517556,62625,181.831154,182.45,False,True,1992.0
2019-05-07,181.03,181.9,177.81,179.12,5415666,57224,179.428209,182.41,True,False,274.0
2019-05-08,179.42,180.525,178.5,178.59,2990555,32254,179.394107,179.12,False,False,400.0
2019-05-09,176.84,177.4,174.18,175.28,5098316,52140,175.696374,177.77,False,False,758.0
2019-05-10,175.02,176.33,173.01,175.86,5013543,47247,175.226495,175.76,False,True,300.0
2019-05-13,173.56,174.58,172.79,174.07,5916920,50583,173.856847,173.92,False,True,2538.0
2019-05-14,174.72,176.97,174.51,175.21,4013992,38752,175.541134,175.3,True,False,780.0
2019-05-15,173.67,175.65,173.651,174.12,3015543,30289,174.565668,175.33,False,False,334.0
2019-05-16,174.2,174.39,171.36,171.81,4039514,39134,172.538125,174.3,False,False,1432.0
2019-05-17,169.81,170.26,168.43,169.09,4595046,42429,169.427413,171.5,False,False,900.0
2019-05-20,167.74,167.96,165.61,166.25,4375001,50030,166.482851,169.47,False,False,413.0
2019-05-21,167.21,167.42,166.18,167.3,4148575,42263,166.97323,167.97,True,False,540.0
2019-05-22,167.49,170.76,166.46,169.74,4504274,44537,169.606308,167.17,False,True,100.0
2019-05-23,167.8,168.3,164.59,165.87,3849470,40871,165.851139,167.5,False,False,301.0
2019-05-24,166.09,167.42,165.32,166.09,2366928,26774,166.137134,167.83,False,False,200.0
2019-05-28,166.67,166.99,163.35,163.35,4875105,32272,164.06545,166.9,True,False,1933.0
2019-05-29,162.61,163.8,160.5,161.4,3669087,43209,161.85141,162.7,False,False,100.0
2019-05-30,161.29,162.27,160.0,160.58,2478748,27202,160.795117,161.32,False,False,100.0
2019-05-31,159.78,160.74,159.63,159.75,3521955,36503,160.047024,159.89,False,False,737.0
2019-06-03,159.75,161.5,159.32,160.04,3729405,42419,160.201628,159.11,False,True,135.0
2019-06-04,162.05,165.09,161.58,164.29,3747008,41876,163.865458,160.07,False,True,800.0
2019-06-05,165.61,165.83,162.88,163.85,3161799,32579,163.713701,165.26,False,False,100.0
2019-06-06,164.0,166.35,162.46,164.72,3581835,39839,164.360255,164.42,False,True,100.0
2019-06-07,165.8,167.09,164.64,166.61,2017674,24326,166.255377,165.2,False,True,235.0
2019-06-10,168.15,170.22,167.87,168.29,2258071,27962,168.969099,170.02,False,False,100.0
2019-06-11,170.0,170.36,168.5,168.91,2227253,24660,169.151057,167.05,False,True,400.0
2019-06-12,169.67,170.15,168.59,169.01,2166416,22427,169.271658,168.85,False,True,100.0
2019-06-13,169.36,169.9,167.87,168.85,2141467,25106,168.723358,169.56,True,False,112928.0
2019-06-14,168.24,168.25,166.05,166.69,2720380,28513,166.816103,169.25,False,False,100.0
2019-06-17,167.03,167.43,166.4567,166.78,1783368,21252,166.940038,166.9,False,False,399.0
2019-06-18,167.92,172.2666,167.57,171.86,3623040,36097,170.858537,167.81,False,True,100.0
2019-06-19,171.93,172.81,170.54,170.75,2777447,28921,171.194835,172.44,True,False,600.0
2019-06-20,173.16,174.28,171.7,173.94,3064261,33035,173.554482,172.06,False,True,100.0
2019-06-21,173.9,174.56,172.63,173.35,4880902,26350,173.453228,174.1962,False,False,471.0
2019-06-24,173.35,174.34,173.34,173.38,2713672,26495,173.720678,173.78,False,False,500.0
2019-06-25,173.15,173.39,171.275,172.03,2735636,28139,172.155305,173.76,True,False,319.0
2019-06-26,172.33,173.24,171.7186,171.88,1812226,18176,172.185238,173.03,False,False,275.0
2019-06-27,172.24,172.79,170.65,171.5,1718539,19695,171.510257,172.24,False,False,700.0
2019-06-28,171.85,174.37,171.77,173.34,3600970,25890,173.477509,172.3,True,True,1190.0
2019-07-01,175.66,175.78,173.52,174.51,2109382,24423,174.571486,175.42,False,False,1365.0
2019-07-02,174.91,175.1,173.07,174.02,1555478,19799,174.06619,174.38,False,False,100.0
2019-07-03,174.17,175.04,172.93,174.98,1171475,13987,174.182033,173.56,False,True,60838.0
2019-07-05,173.03,173.28,169.725,172.0,1740696,20517,171.514021,175.19,False,False,100.0
2019-07-08,170.0,170.48,168.77,169.19,2288968,26044,169.502773,171.84,False,False,291.0
2019-07-09,167.45,167.45,164.29,165.7,4745143,45005,165.332623,167.44,False,False,1592.0
2019-07-10,166.02,167.315,165.565,165.7,2661694,31327,166.217654,165.41,False,True,1180.0
2019-07-11,166.08,169.09,165.87,169.04,2815142,29173,167.844956,166.0,False,True,202.0
2019-07-12,170.0,173.36,169.2459,173.34,3160670,34424,172.332692,169.45,True,True,300.0
2019-07-15,173.33,174.25,171.21,172.84,2187546,26431,172.328953,174.01,False,False,154.0
2019-07-16,172.81,177.25,172.72,176.49,3918853,44506,176.322568,172.51,False,True,200.0
2019-07-17,176.01,176.49,174.1,174.67,2947532,30135,175.240799,176.6,False,False,712.0
2019-07-18,174.49,175.14,172.4,173.06,2223279,26232,173.358037,173.08,False,False,640.0
2019-07-19,173.01,173.99,172.21,172.61,2360660,25216,172.937499,173.5,False,False,100.0
2019-07-22,172.68,175.21,172.13,174.64,2004610,25973,174.22574,173.47,True,True,129520.0
2019-07-23,176.05,178.02,175.65,177.52,2360831,29811,177.147977,175.21,True,True,242.0
2019-07-24,176.93,180.29,176.26,179.42,3532346,35602,179.094734,177.31,False,True,200.0
2019-07-25,185.15,187.72,176.66,178.13,7362225,66746,180.828864,179.18,True,False,200.0
2019-07-26,177.63,178.3898,170.57,173.98,4019040,42872,174.439929,178.9299,False,False,271.0
2019-07-29,173.79,177.62,173.66,176.76,2638931,27426,176.531803,174.0,False,True,180.0
2019-07-30,175.65,177.81,173.8,177.63,1978939,23162,176.881393,176.73,False,True,320.0
2019-07-31,177.65,178.0236,173.4,174.72,3015762,25721,175.57773,178.0,True,False,300.0
2019-08-01,174.73,177.67,173.03,173.36,2381294,29829,174.56665,174.81,False,False,200.0
2019-08-02,172.92,172.92,169.81,170.55,2423102,27612,170.727837,172.81,True,False,600.0
2019-08-05,168.57,169.02,164.42,164.71,2894857,36113,165.66666,168.86,True,False,588.0
2019-08-06,164.63,165.48,162.9,163.71,3494934,38827,163.672447,164.67,False,False,300.0
2019-08-07,162.02,163.95,158.04,163.64,5993201,53342,160.657933,164.25,True,False,800.0
2019-08-08,164.02,165.49,163.55,164.22,3260528,29664,164.50245,164.31,True,False,500.0
2019-08-09,164.75,164.75,162.03,163.47,1582093,19354,163.435741,163.73,False,False,400.0
2019-08-12,163.02,164.78,161.55,161.91,1373051,15328,163.235497,163.82,False,False,700.0
2019-08-13,162.56,167.88,162.15,164.88,3247304,29773,165.350299,161.92,True,True,311.0
2019-08-14,162.25,162.87,158.67,158.81,4056117,39950,159.752536,164.48,True,False,401.0
2019-08-15,157.9,159.7,155.63,156.84,4509733,39626,157.359648,157.59,False,False,370.0
2019-08-16,158.38,161.91,157.45,161.5,3481842,31207,160.445058,157.84,False,True,100.0
2019-08-19,163.75,163.953,161.78,162.95,3198018,23676,162.848622,162.955,False,False,119029.0
2019-08-20,162.91,163.11,160.96,161.01,2061889,19041,161.567436,163.29,False,False,102.0
2019-08-21,162.69,163.65,161.05,161.15,1623565,17908,161.894381,161.92,False,False,100.0
2019-08-22,162.0,162.93,160.15,160.88,1441603,16694,161.156482,162.42,True,False,600.0
2019-08-23,160.02,160.35,155.27,155.85,4224008,41519,156.545961,160.17,False,False,587.0
2019-08-26,157.05,157.465,155.08,156.12,2215496,23959,155.948104,157.33,False,False,250.0
2019-08-27,157.45,157.48,155.4,155.75,2281155,24202,155.968073,157.0,False,False,758.0
2019-08-28,155.0,157.78,154.0,157.55,2352832,24285,156.768114,155.9,False,True,586.0
2019-08-29,159.33,161.03,159.05,160.36,3170688,24999,160.311958,158.91,True,True,300.0
2019-08-30,161.69,162.1458,160.41,161.72,1967010,20594,161.578307,161.5,False,True,200.0
2019-09-03,161.4,161.63,157.26,158.64,1838165,23602,158.611193,160.7,False,False,450.0
2019-09-04,159.83,160.63,158.99,160.07,1537053,19405,159.743044,160.11,True,False,600.0
2019-09-05,162.39,166.4148,162.39,164.23,2421764,28405,164.725656,161.44,False,True,100.0
2019-09-06,164.64,164.88,162.95,163.94,1762386,21504,163.699966,164.46,False,False,100.0
2019-09-09,165.0,167.85,164.69,165.94,3091339,29972,166.267657,164.29,False,True,212.0
2019-09-10,166.16,169.1,166.01,168.86,3240355,29937,167.809427,166.635,True,True,158773.0
2019-09-11,169.86,169.89,165.37,168.08,3579099,36161,167.509857,169.2,False,False,300.0
2019-09-12,169.83,171.85,168.61,170.58,2870355,32414,170.531455,169.0,False,True,300.0
2019-09-13,170.59,172.48,169.86,171.44,2534391,26816,171.357192,170.2,False,True,158.0
2019-09-16,171.21,171.21,167.91,169.67,2459306,22040,169.159502,171.65,False,False,100.0
2019-09-17,166.85,168.57,166.5,168.07,2742024,25716,167.800153,169.67,False,False,1020.0
2019-09-18,167.61,168.05,165.25,167.44,2190560,24787,166.768443,167.98,False,False,125.0
2019-09-19,167.39,168.81,166.91,167.07,1631552,20005,167.699389,167.38,False,False,74796.0
2019-09-20,167.43,169.17,166.48,166.76,3712913,27281,167.295015,167.44,False,False,200.0
2019-09-23,165.0,167.4299,164.5,166.76,2117720,24139,166.452348,166.42,False,True,100.0
2019-09-24,167.05,167.55,164.16,164.74,3052338,34073,165.31547,167.9999,False,False,198.0
2019-09-25,164.76,164.98,163.685,164.0,2788159,27542,164.179978,164.16,False,False,100.0
2019-09-26,164.0,164.41,162.8,163.83,2784733,26923,163.667299,163.655,False,True,79918.0
2019-09-27,164.48,165.6397,163.5201,164.53,2870298,25948,164.412045,164.52,True,True,369077.0
2019-09-30,165.21,165.565,163.94,164.4,2592063,24113,164.509265,164.73,False,False,131782.0
2019-10-01,165.0,165.21,158.17,158.38,3283471,36154,160.036702,165.15,False,False,334.0
2019-10-02,157.06,157.22,154.63,155.65,3046851,37395,155.723343,158.16,False,False,577.0
2019-10-03,155.14,155.46,150.81,155.23,3089563,36340,154.145593,156.0,False,False,303.0
2019-10-04,155.23,156.05,154.4001,155.82,2648859,27032,155.425336,155.16,False,True,927.0
2019-10-07,155.0,155.35,153.52,153.52,2522123,26677,154.495035,154.98,False,False,1778.0
2019-10-08,152.33,152.8,150.58,150.74,2822032,33958,151.637945,153.75,False,False,125.0
2019-10-09,152.34,152.44,150.79,150.99,2937861,23490,151.231601,151.15,False,False,100.0
2019-10-10,150.95,153.0931,150.87,152.31,3201645,32286,152.298487,151.33,True,True,269.0
2019-10-11,154.21,159.6,154.11,158.1,4686467,45751,157.418808,153.98,False,True,100.0
2019-10-14,158.09,162.39,157.34,160.51,3283072,36377,160.595785,158.35,True,True,611.0
2019-10-15,159.35,164.02,159.35,162.98,3103740,34144,162.887755,161.01,False,True,100.0
2019-10-16,163.21,164.2,162.12,162.18,1951970,20939,162.652467,163.77,True,False,575.0
2019-10-17,163.14,165.49,163.08,163.54,1984715,19470,164.067846,163.66,True,False,58431.0
2019-10-18,163.56,164.27,162.98,163.1,2693736,25779,163.408604,163.75,True,False,272073.0
2019-10-21,166.0,166.15,164.76,165.94,2011633,22945,165.61538,165.24,True,True,2614.0
2019-10-22,166.27,168.905,165.1,167.54,2085580,24463,167.344131,165.91,True,True,1796.0
2019-10-23,167.64,168.76,166.56,168.76,2717458,31303,167.787911,167.56,False,True,200.0
2019-10-24,165.0,165.25,159.6311,161.89,5959562,55773,161.859135,168.2,False,False,253.0
2019-10-25,162.51,167.63,162.13,166.09,3104753,34524,166.091809,162.12,False,True,200.0
2019-10-28,166.48,169.71,166.2,169.06,3138032,33396,168.599026,166.322,False,True,150.0
2019-10-29,168.03,169.95,167.51,168.81,2669430,31319,169.008281,169.0,False,False,180.0
2019-10-30,168.23,168.57,167.03,168.37,1782362,21822,167.68189,167.98,False,True,600.0
2019-10-31,168.51,168.56,163.55,164.99,2653140,25227,165.135253,169.49,False,False,320.0
2019-11-01,167.22,170.15,166.72,170.09,2467539,28470,169.393012,165.94,False,True,669.0
2019-11-04,171.8,175.0,171.62,174.9,4142793,34590,173.85316,170.97,False,True,200.0
2019-11-05,175.0,175.46,173.77,175.27,2304461,27578,174.786415,175.45,False,False,146.0
2019-11-06,174.91,175.0,172.36,174.0,3012935,32998,173.582021,174.43,True,False,500.0
2019-11-07,175.9,176.71,173.79,174.52,3358810,31283,174.996378,174.86,False,False,977.0
2019-11-08,174.58,174.87,172.11,173.15,1615589,20302,173.014346,174.52,False,False,1643.0
2019-11-11,172.5,172.5,169.65,170.11,2664268,26691,170.526291,172.61,False,False,100.0
2019-11-12,170.36,172.07,170.03,170.84,1740740,20563,170.934678,170.52,False,True,120.0
2019-11-13,170.11,171.39,169.58,170.55,1830861,19514,170.652955,170.41,False,True,1400.0
2019-11-14,169.98,172.32,169.93,170.93,1613987,17178,171.122875,170.21,False,True,100.0
2019-11-15,171.66,172.69,171.04,171.88,2617186,26483,171.990105,171.89,False,False,370.0
2019-11-18,170.67,171.195,169.17,170.54,2364776,23654,170.113487,172.3,False,False,330.0
2019-11-19,171.72,171.72,169.53,170.68,1791801,20778,170.484277,171.41,False,False,400.0
2019-11-20,169.79,170.0,167.15,167.77,2692881,27995,168.215546,170.23,False,False,100.0
2019-11-21,166.88,167.0,164.51,165.14,3605927,37087,165.217774,166.5,False,False,500.0
2019-11-22,165.5,167.75,165.0,167.6,3268383,27796,166.932762,165.79,False,True,100.0
2019-11-25,168.47,170.355,167.871,170.24,2761863,28291,169.792005,167.97,False,True,305.0
2019-11-26,169.8,170.25,168.71,169.23,2617029,25735,169.327736,170.24,False,False,180.0
2019-11-27,170.0,171.37,169.51,170.61,1332082,16951,170.372248,169.63,False,True,150.0
2019-11-29,170.43,170.58,169.26,169.77,942641,10462,169.812138,170.44,False,False,200.0
2019-12-02,170.16,171.7,168.24,168.27,2342653,26705,169.382212,170.18,False,False,100.0
2019-12-03,166.6,166.6,164.4,165.17,2727837,28840,165.208736,168.12,False,False,200.0
2019-12-04,166.14,168.865,166.0,167.14,2140288,25542,167.724924,165.81,False,True,202.0
2019-12-05,167.22,167.87,162.7201,164.37,3309411,36212,164.487988,167.0,False,False,3196.0
2019-12-06,168.05,171.99,167.25,171.47,3880821,43521,170.674896,165.0,False,True,340.0
2019-12-09,169.42,171.26,168.79,169.83,2087248,24047,170.132145,169.84,False,False,1010.0
2019-12-10,169.13,169.39,166.9703,167.66,2670466,28677,168.042127,168.96,True,False,500.0
2019-12-11,168.38,168.84,167.33,168.74,1859298,21081,168.226309,167.72,True,True,600.0
2019-12-12,166.83,170.85,166.325,168.56,2872509,30866,168.588736,168.04,True,True,483.0
2019-12-13,169.62,171.1248,168.08,168.79,2098151,24283,168.926225,169.8,True,False,600.0
2019-12-16,168.94,170.83,168.19,170.75,2920958,24417,170.169714,170.27,False,True,100.0
2019-12-17,170.35,171.79,169.21,169.93,2672645,28779,170.07261,170.75,False,False,100.0
2019-12-18,169.78,170.0,168.19,169.03,2270426,22726,169.01672,170.83,False,False,114.0
2019-12-19,169.62,172.58,169.15,172.15,2757612,27833,171.582863,169.43,False,True,310.0
2019-12-20,174.0,175.47,172.2,175.37,7518632,38227,174.657294,171.86,False,True,100.0
2019-12-23,176.83,179.18,176.56,178.47,4876334,42360,178.189546,176.38,False,True,751.0
2019-12-24,178.27,178.67,176.0419,176.68,1259530,17063,176.778081,178.25,False,False,121.0
2019-12-26,176.45,176.66,175.5,176.59,1435626,16304,176.272112,175.5,False,True,150.0
2019-12-27,176.65,177.54,175.62,177.26,1472999,18070,177.09346,177.42,False,False,300.0
2019-12-30,177.26,178.9632,175.59,175.83,1715119,19530,176.386955,177.5,False,False,100.0
2019-12-31,175.23,176.59,175.07,176.42,1574011,18511,176.084114,175.27,False,True,100.0
2020-01-02,177.71,180.01,177.1356,180.0,3601753,34519,179.140314,177.4,False,True,204.0
2020-01-03,177.19,178.66,175.63,178.45,2467423,29349,177.612505,178.36,False,True,150.0
2020-01-06,177.15,178.71,176.35,178.62,1998016,26960,177.851156,177.4,False,True,200.0
2020-01-07,178.43,178.51,176.82,177.9,2177149,26569,177.713034,178.16,False,False,368.0
2020-01-08,178.0,181.5,177.65,180.63,2758339,30889,180.270203,177.5001,False,True,52811.0
2020-01-09,181.53,181.59,179.76,181.2,2746346,25663,180.969976,181.7,True,False,506.0
2020-01-10,181.83,182.18,180.14,180.47,2103818,25691,181.062711,181.2,False,False,110.0
2020-01-13,180.92,182.23,180.36,180.92,2091209,25758,181.212958,181.49,False,False,200.0
2020-01-14,180.86,182.545,180.21,181.37,2911327,29255,181.486952,182.0,True,False,678.0
2020-01-15,181.42,181.86,179.18,179.78,2482278,29363,180.261657,181.66,False,False,100.0
2020-01-16,180.68,181.2,179.69,181.01,2149924,27379,180.540804,180.71,False,True,100.0
2020-01-17,181.0,182.1545,180.7,181.35,3690145,27064,181.362298,181.0,False,True,521.0
2020-01-21,181.8,181.91,178.63,179.39,3368041,35607,179.69881,181.3,True,False,2645.0
2020-01-22,179.5,180.57,177.88,178.03,2420200,26089,178.709363,180.5,False,False,122.0
2020-01-23,177.28,178.435,176.39,177.74,2358445,27638,177.744203,178.0,False,False,404.0
2020-01-24,178.57,179.81,177.53,178.15,2643095,34476,178.608692,178.63,True,False,200.0
2020-01-27,179.99,180.59,175.54,175.63,4361434,52243,177.397113,177.18,False,False,5373.0
2020-01-28,172.0,172.34,165.05,165.58,8920690,98869,166.973222,176.66,False,False,100.0
2020-01-29,166.26,166.47,161.53,162.0,5344861,58770,163.057089,166.59,False,False,120.0
2020-01-30,161.0,162.64,158.76,162.51,4357080,49611,161.289014,160.92,False,True,100.0
2020-01-31,162.0,162.652,158.225,158.66,5740844,56210,159.191123,161.84,False,False,143.0
2020-02-03,159.98,160.31,156.38,156.59,3927092,42511,157.850066,159.58,False,False,400.0
2020-02-04,159.77,159.96,157.0,157.24,4364117,45443,157.715406,159.32,True,False,1480.0
2020-02-05,159.13,162.33,158.7,162.33,3118214,38977,161.051483,158.2,False,True,200.0
2020-02-06,164.56,165.0,162.47,162.89,3413761,38049,163.167905,163.0,False,False,150.0
2020-02-07,161.33,161.92,159.63,160.08,2736304,37790,160.582768,162.21,False,False,266.0
2020-02-10,160.08,161.255,158.87,160.15,2754826,33137,159.978003,160.16,False,False,200.0
2020-02-11,161.0,162.52,160.02,162.45,2275323,28867,161.814907,161.03,False,True,650.0
2020-02-12,164.0,165.04,163.5651,163.8,2736382,30619,164.133539,163.75,False,True,500.0
2020-02-13,161.74,161.87,159.0,159.76,3414117,37029,159.961452,161.98,False,False,296.0
2020-02-14,159.76,161.14,158.82,161.01,2233840,27219,160.308576,159.99,False,True,100.0
2020-02-18,160.23,160.53,158.04,158.88,2481963,30194,159.177383,160.5,False,False,100.0
2020-02-19,159.0,160.47,158.36,159.34,2296654,28030,159.448831,159.0,False,True,181.0
2020-02-20,159.02,161.39,158.5,158.56,3275091,32203,159.350283,159.4,True,False,500.0
2020-02-21,158.44,158.59,156.12,156.93,3535642,40770,157.15436,157.98,False,False,100.0
2020-02-24,154.52,154.71,152.22,152.55,3635787,48044,153.066833,155.0,True,False,2514.0
2020-02-25,153.39,153.44,145.97,146.85,5263598,66088,148.332617,153.26,True,False,200.0
2020-02-26,149.05,151.82,148.09,148.96,5155324,65559,149.780032,146.46,False,True,643.0
2020-02-27,151.24,155.43,149.0,150.16,8241561,96810,152.160541,149.3,True,True,744.0
2020-02-28,153.06,156.72,146.0,149.24,11508764,156525,149.933101,148.66,True,True,2425.0
2020-03-02,151.5,153.43,148.37,153.02,8026356,92936,151.807189,152.84,False,True,797.0
2020-03-03,152.28,154.0,144.44,145.24,8296485,102000,147.750576,152.0,False,False,572.0
2020-03-04,146.75,154.0,145.99,153.98,5773845,62861,151.076427,147.69,False,True,488.0
2020-03-05,150.13,154.35,149.5475,151.41,5887040,66269,152.170223,152.42,False,False,100.0
2020-03-06,149.45,154.74,147.87,153.65,7155126,81632,151.849884,150.0,False,True,150.0
2020-03-09,145.49,149.46,143.55,144.06,8194408,102119,145.96708,146.2,False,False,1590.0
2020-03-10,148.99,153.38,144.882,153.3,5651741,72019,149.811306,151.0,False,True,296.0
2020-03-11,148.59,149.73,146.47,147.24,4753757,62281,147.661321,150.34,False,False,190.0
2020-03-12,140.0,141.71,130.34,133.58,8215834,99013,134.617287,142.75,False,False,520.0
2020-03-13,141.01,141.69,131.0,141.68,6580346,88604,135.933755,137.94,False,True,100.0
2020-03-16,130.0,135.5,128.01,130.91,7441026,97594,132.597911,134.01,False,False,200.0
2020-03-17,132.25,136.77,129.61,134.44,6535424,95892,132.569929,136.11,True,False,200.0
2020-03-18,129.11,139.37,128.39,137.02,6860393,92138,133.745555,128.14,False,True,1566.0
2020-03-19,136.83,140.18,132.93,137.51,6365999,90144,136.639524,137.25,True,True,200.0
2020-03-20,138.17,139.24,122.71,124.89,9589183,104660,128.816132,140.79,False,False,141.0
2020-03-23,127.51,128.4,114.04,117.87,7934599,108806,119.18483,122.0,False,False,431.0
2020-03-24,122.99,133.45,121.0,132.72,9314475,108858,127.900066,123.0,False,True,830.0
2020-03-25,133.15,134.69,126.8,131.54,7795500,91419,131.310405,136.04,False,False,167.0
2020-03-26,131.79,136.38,130.61,136.18,6718318,79583,133.911644,129.0,False,True,215.0
2020-03-27,132.83,137.07,130.91,133.24,4262340,54819,133.471712,133.51,False,False,100.0
2020-03-30,132.25,138.01,131.06,137.74,3869715,48271,135.480274,132.7,False,True,150.0
2020-03-31,136.35,139.44,135.68,136.51,3614963,45726,137.671283,139.7,False,False,305.0
2020-04-01,132.0,135.835,131.01,133.14,3777954,45240,133.006914,133.4,False,False,547.0
2020-04-02,132.36,138.21,132.1,137.91,3990340,43724,136.163032,134.35,False,True,128.0
2020-04-03,136.01,137.435,132.9,133.79,3588254,46490,134.461779,134.01,False,False,685.0
2020-04-06,137.86,141.25,136.9,140.7,5639666,57882,139.456166,138.6,False,True,126.0
2020-04-07,147.5,150.6399,144.395,144.6,5497658,62541,146.772475,146.5,True,False,420.0
2020-04-08,145.73,149.7231,143.91,148.99,3071069,41236,147.535962,145.0,False,True,385.0
2020-04-09,148.46,149.73,146.54,147.78,4784239,54836,147.905524,149.94,False,False,264.0
2020-04-13,147.8,148.579,145.3,146.4,2642295,32319,146.52297,148.0,False,False,274.0
2020-04-14,149.62,150.98,148.05,150.14,3319778,38664,149.898854,148.0,False,True,678.0
2020-04-15,148.19,148.55,144.9,145.16,3043859,37979,145.920958,149.0,False,False,539.0
2020-04-16,145.27,146.445,143.23,144.9,4170357,38822,144.626996,146.0,False,False,200.0
2020-04-17,147.44,148.495,144.8,146.46,5393130,52305,146.141664,147.84,True,False,1100.0
2020-04-20,144.75,147.02,143.65,143.67,2893055,34667,144.958456,146.96,False,False,100.0
2020-04-21,142.31,142.77,140.5038,141.63,2331372,30296,141.77075,142.8,False,False,200.0
2020-04-22,143.36,144.48,141.71,143.61,2750414,28698,143.084617,143.75,False,False,545.0
2020-04-23,144.58,147.58,143.88,144.33,2585335,30120,145.212034,142.51,False,True,1066.0
2020-04-24,145.17,147.34,144.31,147.0,2247654,27488,146.042422,145.0,False,True,141.0
2020-04-27,148.0,154.49,147.89,153.65,4644944,51769,152.203575,148.0,True,True,284.0
2020-04-28,159.96,163.08,155.2,157.61,8297054,87358,158.547043,153.9,False,True,200.0
2020-04-29,158.54,160.22,155.17,156.26,3987124,50259,156.771582,158.6,False,False,503.0
2020-04-30,154.65,154.94,151.75,151.92,3667848,39025,152.794315,156.25,False,False,1465.0
2020-05-01,149.3,150.04,147.73,148.6,2926714,38272,148.877704,150.0,False,False,948.0
2020-05-04,148.54,148.555,146.06,148.4,2229849,28540,147.786144,147.01,False,True,200.0
2020-05-05,149.89,150.0,147.1,147.43,2269354,30672,148.235365,149.01,False,False,931.0
2020-05-06,147.79,148.17,145.988,146.2,2168564,24612,146.525058,148.0,False,False,900.0
2020-05-07,147.7,147.85,144.9,145.74,2801164,36910,146.070348,147.0,False,False,100.0
2020-05-08,147.08,149.175,146.38,148.51,2170047,27551,148.272668,146.89,False,True,1846.0
2020-05-11,147.82,147.96,145.59,145.73,3034572,30175,146.149515,148.0,False,False,2970.0
2020-05-12,146.55,147.22,141.45,141.52,3029968,40580,143.612341,145.73,False,False,505.0
2020-05-13,140.71,140.73,135.0,136.12,4806087,64319,137.361703,141.52,False,False,300.0
2020-05-14,135.0,136.15,131.12,135.99,5897704,71104,133.810628,135.97,False,True,578.0
2020-05-15,134.53,138.87,134.2,138.69,10120702,56998,137.521833,136.0,False,True,981.0
2020-05-18,143.16,149.72,142.515,149.27,6095714,66720,147.220098,140.0,True,True,1078.0
2020-05-19,148.5,151.65,147.37,148.38,4059864,49193,149.64714,148.22,True,True,718.0
2020-05-20,149.87,151.43,148.83,149.68,3428789,40111,149.871057,150.5,False,False,455.0
2020-05-21,147.74,148.64,145.34,145.81,2819401,35296,146.366107,147.99,False,False,1550.0
2020-05-22,146.0,146.64,144.6,146.44,2661662,31240,145.784006,145.11,False,True,276.0
2020-05-26,150.0,152.98,149.2,152.08,4616331,53690,151.636088,149.48,False,True,337.0
2020-05-27,154.14,158.16,153.34,158.15,6056347,66401,156.311022,153.4,False,True,326.0
2020-05-28,158.54,159.87,154.13,156.82,6731222,58259,158.157626,158.84,False,False,159.0
2020-05-29,155.5,156.87,153.05,156.44,8656725,48814,155.648492,155.0,False,True,394.0
2020-06-01,155.95,157.55,154.89,155.58,2084341,30958,156.245796,156.4,False,False,206.0
2020-06-02,156.78,158.6,156.63,157.64,2333820,31836,157.489358,156.5,False,True,256.0
2020-06-03,159.35,161.66,158.52,161.21,3674275,39011,160.498288,158.33,True,True,429.0
2020-06-04,159.76,162.58,159.18,162.55,2880967,38078,161.542342,160.01,False,True,169.0
2020-06-05,165.0,168.35,165.0,167.41,4527587,53130,167.257181,163.7,False,True,154.0
2020-06-08,167.0,169.54,165.27,166.87,2987595,40077,166.819128,167.42,False,False,126.0
2020-06-09,165.48,167.96,164.08,166.7,3162005,37415,166.366633,164.05,False,True,226.0
2020-06-10,166.9,167.3399,163.81,163.9,2553736,33372,165.059045,166.7539,False,False,150.0
2020-06-11,160.0,160.25,152.31,152.38,5044981,63819,155.239186,160.0,False,False,200.0
2020-06-12,156.19,157.415,151.73,154.87,2998771,42037,154.807348,155.41,False,False,103.0
2020-06-15,150.88,159.62,150.49,157.73,4094160,50805,156.111585,151.91,False,True,200.0
2020-06-16,162.85,163.38,156.89,159.67,3388296,42545,160.161353,160.1,False,False,600.0
2020-06-17,160.2,160.869,158.9675,159.22,1714979,22804,159.720263,160.35,False,False,119.0
2020-06-18,158.07,159.83,157.59,159.21,1806269,22992,159.053768,158.81,False,True,602.0
2020-06-19,161.55,162.09,156.47,158.15,6405263,38884,158.744648,161.0,False,False,100.0
2020-06-22,157.0,157.42,155.48,156.69,2020861,29149,156.75105,157.9999,True,False,971.0
2020-06-23,157.96,158.67,156.24,157.84,2302208,28871,157.635726,159.08,False,False,412.0
2020-06-24,156.29,156.73,151.71,152.22,3042859,43440,153.070533,156.29,False,False,206.0
2020-06-25,152.05,155.0499,150.1,154.67,2060691,28779,153.370691,151.0873,False,True,126.0
2020-06-26,154.6,154.78,151.53,152.52,2826495,31028,152.714268,154.75,False,False,150.0
2020-06-29,153.9,156.515,153.48,155.57,2145146,28574,155.41132,153.0,False,True,102.0
2020-06-30,154.5,156.71,154.05,155.99,2941732,35756,155.47932,154.83,False,True,126.0
2020-07-01,156.34,157.8,155.31,155.43,1627328,24437,156.199648,155.17,False,True,103.0
2020-07-02,157.62,158.88,156.4571,157.04,1982976,29649,157.486346,155.99,False,True,126.0
2020-07-06,158.67,159.96,157.05,158.1,2099527,28723,158.033574,159.01,False,False,386.0
2020-07-07,156.08,157.1,154.69,154.82,1571756,24961,155.497332,156.02,False,False,572.0
2020-07-08,155.07,155.6,153.8679,154.58,1662107,23293,154.637461,154.85,False,False,103.0
2020-07-09,153.92,154.72,151.04,151.45,2189954,33423,152.151294,154.2,False,False,103.0
2020-07-10,151.69,153.25,150.99,152.85,1957797,28203,152.340953,151.0,False,True,1231.0
2020-07-13,154.35,156.93,154.16,154.8,2217790,36469,155.237631,153.5,False,True,350.0
2020-07-14,154.8,159.23,153.9205,158.54,3198942,37470,157.530153,155.8,True,True,361.0
2020-07-15,159.99,161.375,159.25,159.33,3472254,41041,159.88045,159.88,False,False,100.0
2020-07-16,159.25,160.9091,158.04,160.5,1801502,26578,159.880139,158.52,False,True,381.0
2020-07-17,160.86,161.56,159.51,159.83,2551772,30688,160.085129,161.0,False,False,700.0
2020-07-20,158.85,158.87,156.37,156.37,1790097,26084,156.999539,160.0,False,False,500.0
2020-07-21,157.0,159.625,156.99,157.8,2757249,33158,158.337345,157.49,False,True,105.0
2020-07-22,157.13,159.93,157.02,158.71,1899582,23873,158.677589,157.3501,False,True,704.0
2020-07-23,159.0,159.65,158.36,159.29,2695122,33436,159.248326,158.99,False,True,154.0
2020-07-24,160.05,161.6,158.7249,159.84,2524854,30819,159.98445,158.8,False,True,100.0
2020-07-27,159.53,163.38,159.33,163.24,3198464,42531,162.109218,159.83,False,True,286.0
2020-07-28,155.93,157.48,153.8,155.33,7738796,88580,155.606961,159.0,False,False,2677.0
2020-07-29,156.5,157.53,154.92,156.25,3322894,41420,156.240439,155.3642,False,True,3626.0
2020-07-30,154.29,154.72,151.361,152.12,3112986,42501,152.314331,155.89,False,False,123.0
2020-07-31,151.65,151.75,148.8,150.47,3268548,45762,150.006517,152.12,False,False,200.0
2020-08-03,151.09,151.415,149.31,150.41,2265188,34371,150.356961,150.65,False,False,100.0
2020-08-04,149.96,151.24,149.66,151.21,1936322,28337,150.616715,150.41,False,True,429.0
2020-08-05,152.53,155.4,152.1,155.35,2723360,36926,154.565999,152.0,False,True,200.0
2020-08-06,156.28,156.49,154.68,156.0,2885798,31990,155.836928,156.15,False,False,247.0
2020-08-07,155.99,158.42,155.07,158.33,2184531,29161,157.178045,156.5,True,True,995.0
2020-08-10,158.55,161.6,158.55,161.44,2273154,31304,160.823094,158.4,False,True,155.0
2020-08-11,163.92,166.64,163.04,163.38,3764883,44851,164.762097,162.0,False,True,100.0
2020-08-12,165.0,165.95,163.35,164.26,2079670,29053,164.536375,165.83,False,False,420.0
2020-08-13,165.0,167.49,164.75,165.86,2884063,36988,166.090125,164.5,False,True,100.0
2020-08-14,164.61,166.3,164.52,166.1,1607354,20553,165.751991,163.87,False,True,171.0
2020-08-17,165.36,166.37,163.65,164.71,2068102,27495,164.796686,167.5,False,False,600.0
2020-08-18,164.43,165.44,163.76,164.38,1519440,22538,164.475032,164.92,False,False,241.0
2020-08-19,164.94,165.6898,163.78,163.97,2012818,23198,164.502265,164.6,False,False,180.0
2020-08-20,163.08,163.6634,162.38,162.97,1990620,26185,163.062398,163.7,False,False,100.0
2020-08-21,160.88,162.69,160.74,161.71,2005587,22773,161.740031,161.28,False,True,1319.0
2020-08-24,161.88,163.95,161.15,163.53,2605593,30348,162.714397,162.29,False,True,445.0
2020-08-25,164.78,165.25,162.42,163.1,1938629,28815,163.429365,164.45,False,False,3275.0
2020-08-26,162.87,164.77,161.69,163.9,2503413,26332,163.65548,162.52,False,True,322.0
2020-08-27,164.5,165.36,163.18,164.08,2325937,30011,164.338421,163.61,False,True,1334.0
2020-08-28,164.58,166.17,163.92,165.66,3046525,32203,165.215544,164.47,False,True,466.0
2020-08-31,165.16,165.75,162.09,163.02,2881511,34059,163.049011,165.9,False,False,211.0
2020-09-01,162.17,165.55,161.64,164.8,2901444,33280,164.372663,164.5,False,True,100.0
2020-09-02,165.32,170.0,165.14,169.51,3943678,47947,168.688337,165.25,False,True,299.0
2020-09-03,170.0,170.42,164.99,166.31,3481289,44483,167.139486,169.6,False,False,741.0
2020-09-04,168.18,169.11,163.9,165.77,3266995,42209,166.200794,167.67,False,False,197.0
2020-09-08,165.3,165.63,161.8801,163.17,2863890,37628,163.622053,165.3,False,False,183.0
2020-09-09,164.85,167.34,164.0,165.7,2721750,29111,166.157588,163.94,False,True,100.0
2020-09-10,166.24,166.67,162.75,163.15,2054773,28545,164.105707,164.96,False,False,185.0
2020-09-11,163.44,166.6965,163.06,166.17,1698664,26589,165.692639,163.61,False,True,132.0
2020-09-14,167.85,169.425,166.425,168.46,2264354,32963,168.324879,168.0,False,True,100.0
2020-09-15,169.9,169.93,166.1701,166.57,2056475,31013,167.190504,170.0,False,False,2072.0
2020-09-16,167.87,171.1,167.51,169.51,2932828,37115,169.580868,168.2,True,True,1550.0
2020-09-17,168.0,173.2,167.185,172.38,2756078,36939,171.86633,168.16,False,True,1296.0
2020-09-18,171.71,172.78,169.47,169.55,4087955,37708,170.59229,173.0,False,False,538.0
2020-09-21,166.19,166.6699,159.64,161.36,3911678,50322,161.441755,167.0,False,False,300.0
2020-09-22,161.01,163.67,160.42,162.34,2103754,30022,162.138047,162.0,False,True,100.0
2020-09-23,162.52,164.24,159.12,159.51,2248196,27241,160.775191,163.06,False,False,231.0
2020-09-24,159.4,161.955,158.07,160.42,1569695,26012,160.273081,159.0,False,True,303.0
2020-09-25,159.31,160.98,158.86,160.27,1949067,27756,160.148848,160.0,False,True,178.0
2020-09-28,162.28,164.14,161.33,161.66,2098520,27955,162.404291,163.11,False,False,200.0
2020-09-29,161.67,161.95,158.78,159.81,2026047,30437,160.214982,161.89,False,False,100.0
2020-09-30,160.93,163.103,158.61,160.18,3056908,32510,160.617921,159.73,False,True,400.0
2020-10-01,160.67,161.9,157.72,158.79,1989312,31912,159.30414,160.48,False,False,1000.0
2020-10-02,156.69,161.94,156.25,160.36,1769035,28884,160.057473,157.52,True,True,946.0
2020-10-05,162.1,163.5,161.76,162.75,1457201,22745,162.62469,160.65,False,True,100.0
2020-10-06,163.44,165.7,161.83,162.23,2022133,28444,163.433205,163.39,True,False,237.0
2020-10-07,165.1,167.75,164.41,166.49,2155598,29411,166.517612,164.28,False,True,300.0
2020-10-08,167.3,168.15,166.125,167.71,1902831,24213,167.378087,166.75,False,True,317.0
2020-10-09,168.88,170.48,167.95,169.3,2015611,29300,169.296308,168.2,False,True,1397.0
2020-10-12,169.47,170.61,168.1201,168.65,1533855,21996,169.04419,169.3,False,False,218.0
2020-10-13,168.3,169.45,166.0,166.63,1575448,27212,167.257812,168.0,False,False,113.0
2020-10-14,167.01,169.54,166.79,168.4,1435365,25394,168.694015,166.49,False,True,212.0
2020-10-15,166.15,169.68,165.8,169.08,1638271,25786,168.391639,166.84,False,True,227.0
2020-10-16,170.01,172.07,169.215,170.97,2478787,29909,170.993192,170.0,False,True,338.0
2020-10-19,171.02,172.35,168.87,169.55,1910123,29527,170.444766,171.38,False,False,110.0
2020-10-20,170.5,173.19,169.99,170.95,1813211,28798,171.550322,170.5402,False,True,500.0
2020-10-21,170.34,172.11,169.07,169.17,1511130,26573,170.022111,170.55,False,False,753.0
2020-10-22,169.64,170.99,168.3901,170.71,1663268,26676,170.031152,169.17,False,True,3419.0
2020-10-23,172.0,172.175,169.02,169.8,2137484,25795,170.130957,171.605,False,False,141838.0
2020-10-26,167.37,168.09,164.39,166.16,3338772,44909,166.057779,167.85,False,False,230.0
2020-10-27,164.5,164.98,160.65,161.03,3894419,51254,162.50926,166.83,True,False,552.0
2020-10-28,159.35,162.85,158.12,158.53,3065175,46775,159.503528,160.0,True,False,443.0
2020-10-29,158.0,160.18,156.13,158.48,2681416,38785,158.338656,158.8,False,False,828.0
2020-10-30,158.19,159.96,156.995,159.96,2234526,32365,158.871467,156.5,False,True,102.0
2020-11-02,162.19,163.42,160.93,162.94,2116638,33964,162.587234,162.0,False,True,200.0
2020-11-03,164.86,166.83,163.7355,165.51,1896955,32355,165.401146,165.39,False,True,766.0
2020-11-04,163.62,165.3,159.9,160.16,4293355,62689,162.044532,165.51,False,False,378.0
2020-11-05,162.16,164.41,162.02,163.2,2178474,32753,163.327801,162.21,False,True,343.0
2020-11-06,163.5,164.3,161.57,163.02,1685349,27105,163.020788,162.3,False,True,332.0
2020-11-09,174.0,175.43,163.15,163.43,4418113,60361,166.992135,165.5,False,False,100.0
2020-11-10,165.0,169.2727,163.86,169.14,3507657,49680,167.807127,165.0,True,True,821.0
2020-11-11,170.5,170.74,167.6,169.21,2884393,36623,168.992886,169.0,False,True,205.0
2020-11-12,168.15,169.19,165.58,167.05,2218364,31408,167.047173,168.5,False,False,135.0
2020-11-13,167.79,170.26,167.28,169.79,1813755,25947,169.295321,167.95,False,True,390.0
2020-11-16,172.62,173.89,170.18,173.86,2434302,34979,172.849437,173.02,True,True,1668.0
2020-11-17,172.84,174.5,170.86,173.64,2590120,36071,173.480763,173.25,False,True,100.0
2020-11-18,174.5,174.7,171.33,171.4,2615812,33195,172.607235,174.45,False,False,500.0
2020-11-19,170.25,171.88,169.3,171.61,2986012,38887,170.866149,169.7,False,True,400.0
2020-11-20,171.11,172.95,170.96,172.89,2657064,33455,172.178639,172.02,True,True,638.0
2020-11-23,174.0,174.855,173.45,174.14,2065285,29806,174.113568,173.2,True,True,2714.0
2020-11-24,175.0,177.22,174.9,177.08,3086052,38138,176.343126,175.25,False,True,374.0
2020-11-25,176.84,177.34,175.45,177.12,2082424,30549,176.638761,177.61,False,False,441.0
2020-11-27,177.82,179.625,175.57,176.89,1267131,18486,177.240346,177.4,False,False,256.0
2020-11-30,175.98,176.0,172.7,172.73,6141433,50442,173.332303,176.75,False,False,252.0
2020-12-01,174.38,175.69,170.01,170.52,3859872,49306,171.88929,174.0,False,False,100.0
2020-12-02,170.52,172.58,170.22,171.85,2421915,34326,171.583778,171.05,True,True,350.0
2020-12-03,171.85,173.39,171.04,171.83,2377756,33648,172.208517,171.85,False,False,1362.0
2020-12-04,172.01,173.16,171.54,172.46,2667197,34370,172.382662,172.17,False,True,137.0
2020-12-07,171.72,172.5,169.18,170.15,2526799,34823,170.348052,171.8,False,False,175.0
2020-12-08,169.74,172.83,169.7,172.46,1735188,26108,171.868147,169.9,False,True,250.0
2020-12-09,172.67,175.64,171.925,175.29,2790944,35690,174.378784,174.0,False,True,300.0
2020-12-10,174.87,175.4,172.69,173.49,2228955,31123,173.569674,174.98,True,False,271.0
2020-12-11,172.3,174.65,172.1708,174.02,1875764,30334,173.72976,172.0,False,True,100.0
2020-12-14,175.67,176.2,172.99,173.08,3700496,36673,174.172737,172.0,False,True,3203.0
2020-12-15,174.39,175.055,172.55,174.68,2270591,29463,174.249784,173.36,False,True,100.0
2020-12-16,174.61,175.85,174.35,175.41,1949885,27577,175.19992,175.0,False,True,202.0
2020-12-17,176.0,177.46,175.39,176.65,2327857,28644,176.622764,176.0,False,True,485.0
2020-12-18,176.65,177.46,175.11,176.42,4682043,29177,176.404553,176.65,False,False,9415.0
2020-12-21,173.78,176.125,173.0338,175.66,1704598,29776,175.025723,175.1,False,True,100.0
2020-12-22,175.06,175.925,174.18,174.78,1407294,25722,175.12807,175.3,False,False,169.0
2020-12-23,175.3,175.811,173.955,173.99,1762639,21763,174.397607,175.95,False,False,214.0
2020-12-24,174.49,174.7923,173.42,174.52,656184,9720,174.328733,174.9,False,False,178.0
2020-12-28,175.31,176.4,174.39,174.71,1403291,18789,175.085782,175.0,False,False,539.0
2020-12-29,175.55,175.64,173.15,173.85,1219160,20616,174.053638,175.75,False,False,290.0
2020-12-30,173.88,174.92,173.38,174.11,1419086,21270,174.232719,174.27,True,False,607.0
2020-12-31,174.12,174.87,173.18,174.79,1841338,25575,174.312677,172.26,False,True,723.0
2021-01-04,175.0,176.2,170.5504,171.87,2996278,43828,172.420149,177.0,True,False,965.0
2021-01-05,172.01,173.25,170.65,171.58,2295297,32133,171.710093,172.1,False,False,260.0
2021-01-06,172.59,175.57,172.04,174.19,3346410,45313,174.451045,174.03,True,True,530.0
2021-01-07,171.56,173.46,166.16,169.72,5863589,76397,168.943498,172.8,False,False,1531.0
2021-01-08,169.51,169.54,164.61,166.62,4808272,63708,166.259367,170.25,False,False,500.0
2021-01-11,166.33,167.14,165.0,165.2,2737063,39978,165.67912,165.77,False,False,1474.0
2021-01-12,165.9,167.175,164.08,166.51,2949682,41602,166.26854,166.15,False,True,350.0
2021-01-13,167.27,167.74,166.05,166.28,2098001,32127,166.634146,167.0,False,False,506.0
2021-01-14,167.27,167.36,165.23,166.41,2895584,32500,166.525597,167.5,True,False,503.0
2021-01-15,165.63,166.26,163.38,165.55,3550699,42673,164.859535,166.5,False,False,200.0
2021-01-19,167.26,169.55,166.8,169.12,3903171,42457,168.70343,166.5,False,True,287.0
2021-01-20,169.04,170.58,168.43,170.22,2672491,37356,169.79132,169.06,False,True,211.0
2021-01-21,170.67,171.489,169.39,170.67,2688601,37961,170.735274,170.63,False,True,100.0
2021-01-22,170.2,170.2,167.24,169.04,2349343,36638,169.203274,169.93,False,False,700.0
2021-01-25,168.88,172.49,168.225,170.39,3353099,50073,170.706419,169.0,False,True,1083.0
2021-01-26,173.0,176.84,172.08,175.95,5149462,58649,175.505829,169.0,False,True,3129.0
2021-01-27,177.5,187.27,177.16,186.65,8097151,98905,184.243765,177.03,True,True,732.0
2021-01-28,185.07,186.58,182.58,183.42,4153707,58849,184.355746,185.0,False,False,108.0
2021-01-29,182.29,182.98,174.8701,175.66,4217196,65777,177.073283,181.9,False,False,219.0
2021-02-01,175.97,177.11,173.9703,174.7,2569687,48172,174.984968,176.77,False,False,135.0
2021-02-02,176.25,177.53,174.85,175.02,2844438,36848,175.979573,175.8,False,False,377.0
2021-02-03,174.64,177.443,173.55,175.48,2874467,32964,175.566598,175.85,False,False,557.0
2021-02-04,175.6,177.29,175.5101,177.1,1833193,28023,176.772194,176.0,False,True,100.0
2021-02-05,177.95,179.2297,176.7,179.01,1822437,27905,178.514626,177.93,False,True,255.0
2021-02-08,179.21,180.87,179.17,180.76,2355503,29616,180.432068,179.25,False,True,301.0
2021-02-09,181.22,181.9,180.18,180.94,1942840,29754,181.155188,180.53,False,True,211.0
2021-02-10,181.88,182.38,180.64,181.08,1929014,29923,181.362374,181.29,False,False,119.0
2021-02-11,179.35,179.875,175.84,177.21,2188357,34512,177.338164,180.01,True,False,335.0
2021-02-12,177.27,178.84,177.205,178.7,1081644,19917,178.256733,177.3,False,True,600.0
2021-02-16,178.89,179.69,176.3242,176.63,1834033,31471,177.205761,179.51,False,False,564.0
2021-02-17,176.05,177.3,175.14,176.65,1578242,26412,176.427675,176.7178,True,False,428.0
2021-02-18,177.25,179.67,176.15,179.37,2088619,32089,178.522149,176.49,False,True,167.0
2021-02-19,179.57,180.77,176.2,176.54,2986839,37386,177.780045,179.46,False,False,212.0
2021-02-22,176.63,177.09,175.01,176.12,2271515,39040,175.99754,176.1,False,True,520.0
2021-02-23,177.54,177.54,174.71,176.17,2352428,39736,176.071596,175.39,False,True,210.0
2021-02-24,176.0,177.98,173.76,177.63,2742556,40168,176.896698,176.38,False,True,361.0
2021-02-25,177.52,180.75,177.43,178.76,2634298,43848,178.872229,177.2,False,True,364.0
2021-02-26,179.44,179.45,174.605,175.06,3364688,44187,175.944841,178.42,False,False,100.0
2021-03-01,175.7,177.5,175.7,176.41,1840081,30008,176.663276,177.0,False,False,1400.0
2021-03-02,177.0,177.79,174.79,177.11,2272544,34612,176.685332,175.9731,False,True,146816.0
2021-03-03,177.43,180.02,176.8,178.06,2267840,34451,178.503978,177.9999,False,True,155.0
2021-03-04,179.42,180.18,174.07,177.63,3535742,48069,177.495701,177.0603,False,True,198.0
2021-03-05,178.45,181.56,176.95,180.8,2262764,40235,179.53587,178.37,False,True,241.0
2021-03-08,181.08,185.7,180.93,183.77,2574984,44998,183.724813,180.8,True,True,623.0
2021-03-09,183.45,184.15,181.02,181.18,2873517,39913,182.123734,184.7,False,False,495.0
2021-03-10,182.37,185.38,181.41,184.51,2370679,33929,184.431021,181.84,True,True,847.0
2021-03-11,183.13,185.07,182.0959,184.57,2377493,35657,184.393194,183.7487,True,True,2748.0
2021-03-12,185.71,186.21,184.27,184.92,2691612,32963,185.161224,183.0,True,True,533.0
2021-03-15,186.03,189.63,185.71,189.48,3300362,44384,188.34369,186.01,False,True,864.0
2021-03-16,188.1,188.46,185.98,186.85,2264001,32974,186.904781,189.99,False,False,746.0
2021-03-17,187.33,189.99,187.05,188.3,2585123,40295,188.303574,186.85,False,True,136.0
2021-03-18,188.6,192.09,188.6,191.0,3050490,53454,190.934067,189.15,False,True,323.0
2021-03-19,191.0,191.0,188.69,188.71,6680190,45597,189.312826,191.59,False,False,291.0
2021-03-22,188.26,189.76,187.01,189.47,2605396,34450,189.015506,188.0,False,True,132.0
2021-03-23,188.77,191.71,187.9,188.33,2768726,41764,189.482955,188.7,False,False,100.0
2021-03-24,188.43,192.74,188.083,190.69,2829266,45025,191.319884,188.66,False,True,265.0
2021-03-25,191.9,193.36,190.17,193.1,2221235,39299,192.088871,191.25,True,True,733.0
2021-03-26,193.01,194.95,192.21,194.88,2677843,44964,193.911357,193.48,False,True,400.0
2021-03-29,193.62,196.72,193.51,195.74,2601919,39137,195.605664,193.75,False,True,460.0
2021-03-30,194.98,196.63,193.88,194.64,1876659,32165,194.897152,195.51,False,False,166.0
2021-03-31,193.94,194.425,192.05,192.68,2427840,39755,192.923154,194.36,False,False,103.0
2021-04-01,193.205,193.92,190.84,192.7,1897219,33256,192.395668,194.0,False,False,195.0
2021-04-05,193.8,195.95,193.71,194.97,1961426,36123,194.851748,193.46,False,True,210.0
2021-04-06,195.37,195.6082,193.99,194.84,1470728,27215,194.834642,194.1664,False,True,149977.0
2021-04-07,194.38,195.35,193.92,194.95,1496814,24945,194.809509,196.0,False,False,500.0
2021-04-08,194.535,196.665,194.03,195.72,2385659,30159,195.702393,194.94,False,True,200.0
2021-04-09,197.0,198.96,196.06,198.0,2151474,37363,197.717172,195.74,False,True,766.0
2021-04-12,198.3,199.29,197.06,197.83,1671764,35061,198.010429,198.0,False,False,200.0
2021-04-13,196.25,197.33,195.37,196.47,2232843,29656,196.507631,197.0,False,False,3343.0
2021-04-14,195.825,197.39,195.015,196.75,1552815,28362,196.570097,196.47,False,True,323.0
2021-04-15,197.33,197.81,195.9101,197.48,1446863,27617,197.193832,197.63,False,False,252.0
2021-04-16,199.5,199.67,197.98,198.58,2709840,32462,198.705446,198.0,False,True,133.0
2021-04-19,198.11,198.6794,196.67,198.59,2184529,33353,198.224537,198.0288,False,True,271.0
2021-04-20,198.73,199.35,197.44,198.3,1637567,32888,198.206478,198.75,False,False,100.0
2021-04-21,198.155,201.5,198.12,200.88,2645615,39005,200.333873,198.0,False,True,553.0
2021-04-22,200.53,202.17,200.18,200.9,2211941,37673,201.070035,201.34,True,False,122966.0
2021-04-23,201.155,203.155,200.99,202.2,1865800,38266,202.19164,201.02,False,True,317.0
2021-04-26,202.89,202.99,199.58,199.63,2577306,38926,200.562129,202.56,False,False,235.0
2021-04-27,191.81,195.86,188.63,194.45,5244163,82789,193.848044,200.45,False,False,130.0
2021-04-28,195.0,197.31,194.81,195.93,2509819,40608,196.148601,194.45,False,True,400.0
2021-04-29,197.27,199.41,196.27,199.05,1869429,33775,198.428848,196.25,False,True,210.0
2021-04-30,198.46,198.99,196.13,197.14,2493578,32992,197.041328,198.46,False,False,334.0
2021-05-03,197.74,199.47,196.66,198.61,1774338,33729,198.37018,197.5,False,True,230.0
2021-05-04,198.65,199.56,197.5426,199.38,1857688,35143,199.072928,198.71,True,True,127512.0
2021-05-05,199.62,201.7195,197.88,201.44,2010791,35840,200.354916,199.6,False,True,561.0
2021-05-06,201.44,202.51,200.4601,202.41,1824647,32831,201.66347,201.08,False,True,170.0
2021-05-07,202.37,203.87,201.24,203.07,1841667,33690,202.86625,202.01,False,True,533.0
2021-05-10,204.63,208.95,204.06,207.33,3215627,54387,207.425659,203.74,False,True,100.0
2021-05-11,206.78,206.91,202.4,203.72,2546874,40935,204.333427,206.5,True,False,992.0
2021-05-12,203.5,203.7,198.84,198.87,2209258,39344,200.093042,203.6,False,False,100.0
2021-05-13,198.69,204.035,198.39,203.41,1650630,30900,202.769681,197.63,False,True,200.0
2021-05-14,203.79,205.1208,203.01,204.38,1465621,27784,204.321043,204.24,False,True,193.0
2021-05-17,204.6,205.35,203.69,205.11,1532694,34092,204.722505,204.49,True,True,500.0
2021-05-18,204.8,205.18,202.805,203.03,1771914,35058,203.511457,205.0,False,False,634.0
2021-05-19,201.93,202.6999,199.33,202.6,2220113,41939,201.580214,201.75,False,True,655.0
2021-05-20,201.09,202.19,200.5,201.65,1412555,27076,201.385176,200.91,False,True,100.0
2021-05-21,201.71,203.7582,201.0798,201.86,1537228,24146,202.09451,203.37,True,False,153178.0
2021-05-24,202.8,203.515,201.92,202.61,1529434,29017,202.656673,202.76,False,False,351.0
2021-05-25,202.85,203.0,201.37,201.71,1519390,31338,201.981029,203.34,False,False,253.0
2021-05-26,201.2,201.79,200.3,201.58,1847300,30212,201.235861,202.5,False,False,210.0
2021-05-27,203.0,203.98,202.62,203.24,2457573,33731,203.277057,202.44,True,True,3081.0
2021-05-28,203.88,204.3921,202.8,203.04,1741191,32598,203.356152,204.0,False,False,200.0
2021-06-01,204.98,205.0876,202.5527,203.2,1567307,33613,203.525535,204.25,True,False,567.0
2021-06-02,203.73,203.97,202.36,203.29,1877461,38280,203.228594,203.2,False,True,8979.0
2021-06-03,202.5,204.67,201.81,203.67,1902070,32523,203.232385,202.0002,False,True,220.0
2021-06-04,204.11,206.12,203.77,206.05,2068562,31956,205.386485,203.59,False,True,100.0
2021-06-07,206.31,206.8063,203.31,203.73,1531166,36627,204.428696,206.35,False,False,200.0
2021-06-08,202.0,204.04,201.14,203.59,1701413,32961,203.087153,203.97,False,False,137.0
2021-06-09,203.56,203.57,201.94,202.74,1709480,26495,202.877646,202.17,False,True,99083.0
2021-06-10,204.07,204.97,202.78,203.13,1947973,36540,203.476826,203.06,False,True,692.0
2021-06-11,203.66,204.9,201.52,202.81,1692637,34556,202.796226,203.0,False,False,800.0
2021-06-14,202.79,203.59,200.42,201.36,1678333,37470,201.23095,202.0,False,False,1139.0
2021-06-15,201.89,201.86,199.53,200.61,1708955,35287,200.418957,201.675,False,False,352.0
2021-06-16,200.62,200.99,196.8102,196.91,2213809,46360,198.176477,199.7,False,False,90202.0
2021-06-17,196.81,197.5,193.0,195.14,2571311,49317,194.783064,196.6,True,False,1330.0
2021-06-18,192.79,193.57,191.53,191.6,5037442,50027,192.180948,192.55,False,False,1544.0
2021-06-21,193.88,196.6255,193.59,195.21,2519397,44758,195.421091,191.6,False,True,150.0
2021-06-22,195.0,196.05,194.1,195.14,1764439,35235,195.17235,195.6,False,False,250.0
2021-06-23,194.755,195.4221,192.28,192.36,2970287,48472,193.145965,195.5,False,False,208.0
2021-06-24,193.34,193.74,191.635,193.26,2186518,38081,192.91269,193.3,False,False,159.0
2021-06-25,193.51,195.33,193.3,194.75,6171572,36528,194.680717,193.28,False,True,682.0
2021-06-28,195.51,196.92,194.39,196.5,2095870,36918,196.219806,194.8,False,True,292.0
2021-06-29,196.45,197.83,195.715,196.03,1855726,38472,196.493153,196.11,False,False,261.0
2021-06-30,195.86,198.98,195.54,198.63,2589129,44617,198.088209,195.68,False,True,161.0
2021-07-01,199.45,199.67,197.75,199.09,1851663,32041,198.837761,199.29,False,False,199.0
2021-07-02,198.84,200.2927,197.94,199.89,1608201,30245,199.534344,199.09,False,True,492.0
2021-07-06,197.0,197.78,194.76,196.89,2544364,44334,196.453998,198.74,False,False,722.0
2021-07-07,196.46,200.06,196.13,199.86,1690988,34410,199.06786,196.0,False,True,100.0
2021-07-08,198.1,199.55,197.3201,198.27,2161011,39494,198.257084,196.25,False,True,1000.0
2021-07-09,199.23,201.9,199.25,201.0,2439139,31127,200.988166,198.98,False,True,100.0
2021-07-12,198.1,201.46,197.9,199.98,2161023,39097,199.801275,200.0,False,False,181.0
2021-07-13,200.08,201.13,199.15,199.6,1679462,34374,199.803304,200.5467,True,False,114085.0
2021-07-14,200.56,203.18,200.01,202.83,2449783,38385,202.380237,200.29,True,True,612.0
2021-07-15,201.32,202.77,200.53,202.59,2132014,40290,201.855209,201.77,False,True,107.0
2021-07-16,202.86,203.21,198.91,199.37,2468373,34414,200.099502,203.07,False,False,275.0
2021-07-19,197.17,198.54,195.11,197.56,3121713,53444,196.780237,197.28,False,True,321.0
2021-07-20,198.23,202.22,198.07,200.82,2769744,49162,200.960723,198.4,False,True,278.0
2021-07-21,201.39,202.88,199.96,200.77,1993630,38529,200.726209,200.9,False,False,106.0
2021-07-22,201.25,201.65,198.6776,199.07,1699277,37172,199.310033,201.0,False,False,502.0
2021-07-23,199.61,201.0386,198.94,200.49,1567983,32674,200.14113,200.0,False,True,274.0
2021-07-26,201.0,202.74,199.93,201.67,2406715,46056,201.635325,200.485,True,True,103735.0
2021-07-27,198.0,201.06,194.91,200.47,2998605,56566,199.068872,203.5,True,False,6430.0
2021-07-28,199.35,200.37,198.1,198.28,2131911,36535,198.678832,200.6,False,False,113.0
2021-07-29,199.47,200.0,197.94,198.17,2114428,35844,198.473894,199.85,True,False,1478.0
2021-07-30,198.05,199.24,197.2,197.94,1906153,32797,198.011591,198.16,False,False,124.0
2021-08-02,199.04,200.7,197.435,197.52,1325887,31938,198.265059,199.7,True,False,2289.0
2021-08-03,198.365,202.21,197.4,201.03,2198673,41345,200.670513,197.74,False,True,109113.0
2021-08-04,200.43,200.81,197.2,197.53,2052508,37629,198.101872,200.2,False,False,250.0
2021-08-05,198.5,199.12,197.285,197.8,1574228,29635,197.872028,198.67,False,False,101.0
2021-08-06,198.36,199.25,197.55,198.13,1115015,26230,198.13159,197.8,False,True,100.0
2021-08-09,197.9,198.1493,196.78,197.43,1191103,27602,197.412849,197.55,False,False,108.0
2021-08-10,198.0,199.49,197.7,199.25,1595708,30786,199.044866,197.29,False,True,108.0
2021-08-11,199.78,201.77,199.31,201.57,2215751,30878,201.287674,199.08,False,True,500.0
2021-08-12,201.61,202.3728,200.36,201.43,1231659,24532,201.21727,201.67,False,False,200.0
2021-08-13,201.11,201.7102,200.29,200.58,1907691,29584,201.047749,201.52,True,False,54215.0
2021-08-16,201.19,202.77,200.38,202.32,1605641,33856,202.13953,200.0,False,True,300.0
2021-08-17,201.79,202.0,197.6,199.55,2281785,49890,199.037158,202.0,True,False,539.0
2021-08-18,198.6,198.81,196.31,196.51,2104661,41341,197.211258,199.55,False,False,273.0
2021-08-19,195.0,196.23,194.307,195.36,2302836,42277,195.364915,196.3,False,False,791.0
2021-08-20,194.48,195.13,193.365,194.16,2391998,39903,194.129762,193.215,False,True,221.0
2021-08-23,195.0,196.24,193.68,194.68,1969790,35196,195.000678,194.31,False,True,141.0
2021-08-24,195.0,196.1,194.34,194.75,1391013,30372,194.955081,195.5,False,False,299.0
2021-08-25,194.91,195.05,192.72,194.34,1609972,30010,194.276967,194.74,False,False,106.0
2021-08-26,194.14,195.39,193.66,195.32,1448815,29544,194.783117,194.0,False,True,100.0
2021-08-27,196.03,196.66,194.12,195.05,2141802,34441,195.19953,195.75,False,False,182.0
2021-08-30,195.31,197.29,194.77,196.17,1262156,26155,196.405863,195.05,False,True,100.0
2021-08-31,195.79,195.99,194.15,194.74,2808524,41264,194.770657,197.37,False,False,435.0
2021-09-01,194.48,194.75,192.94,193.44,1919142,41301,193.443528,195.1,False,False,2500.0
2021-09-02,194.15,194.92,193.47,194.89,2092758,28063,194.376657,194.105,True,True,83524.0
2021-09-03,194.44,195.606,193.625,194.39,1463039,27369,194.573431,195.8,False,False,200.0
2021-09-07,193.0,194.57,185.56,185.58,5881751,101423,187.445219,194.65,False,False,491.0
2021-09-08,185.11,188.395,185.02,187.89,3639357,57222,187.483645,185.56,False,True,100.0
2021-09-09,187.55,188.51,185.06,185.75,3036383,50442,186.254532,188.04,False,False,110.0
2021-09-10,186.79,187.2299,184.5,184.55,2230601,38671,185.463899,186.85,True,False,492.0
2021-09-13,185.43,187.92,183.6,185.23,5040428,71453,185.621633,185.2,False,True,346.0
2021-09-14,185.65,186.0,181.68,182.42,3316341,59915,182.871958,185.23,False,False,656.0
2021-09-15,182.71,185.11,182.33,184.19,2550075,42327,183.997796,182.47,False,True,783.0
2021-09-16,184.38,184.6,181.8243,182.66,2550851,41259,182.804161,184.3,False,False,300.0
2021-09-17,180.68,182.6599,179.41,181.49,10713601,86015,181.424706,182.57,False,False,415.0
2021-09-20,178.9,181.74,178.29,180.53,4141053,61420,180.219585,180.0,False,True,100.0
2021-09-21,180.93,181.08,177.7,178.42,2978705,47494,178.926143,181.97,False,False,191.0
2021-09-22,179.32,180.9479,178.94,179.84,2205855,35866,179.979432,179.03,False,True,200.0
2021-09-23,180.0,182.85,180.0,181.53,2173358,37583,181.941165,182.05,True,False,31183.0
2021-09-24,181.11,182.07,180.615,181.04,2068173,34476,181.123498,181.15,False,False,100.0
2021-09-27,181.02,183.16,180.81,181.79,2034031,36794,182.20182,181.08,False,True,21.0
2021-09-28,181.9,182.854,179.77,180.05,2278731,38854,180.566201,180.97,False,False,523.0
2021-09-29,180.21,181.3913,179.17,180.88,1660822,27849,180.606866,181.0,False,False,309.0
2021-09-30,181.67,182.06,175.37,175.42,3199713,54471,177.180971,181.95,False,False,900.0
2021-10-01,175.89,177.41,174.22,176.68,2408913,50572,176.293325,175.33,True,True,1355.0
2021-10-04,173.86,177.1,173.78,176.04,2979402,51753,175.816,174.1,False,True,3905.0
2021-10-05,176.75,178.61,175.57,177.88,1881757,34331,177.850245,176.75,False,True,300.0
2021-10-06,176.63,178.55,175.52,178.4,2023729,34753,177.141791,175.4,False,True,3023.0
2021-10-07,179.67,180.78,177.7,177.8,2870377,43101,178.667478,178.5,False,False,414.0
2021-10-08,177.57,178.1,176.7756,176.95,2453318,37401,177.272034,177.8,False,False,310.0
2021-10-11,177.94,178.6,176.2,176.28,2679616,35909,177.023779,177.79,True,False,270.0
2021-10-12,176.33,176.89,175.13,175.53,2135149,34095,175.98861,176.22,False,False,997.0
2021-10-13,175.58,178.4,175.04,177.17,1999719,36652,176.992075,175.15,False,True,1375.0
2021-10-14,178.265,180.4,177.95,180.32,2267713,36878,179.47925,178.5,False,True,600.0
2021-10-15,181.24,183.0,180.68,181.94,2135216,35765,181.952949,181.1,False,True,195.0
2021-10-18,180.89,181.92,179.34,181.72,1704790,31207,181.359781,182.0,False,False,320.0
2021-10-19,182.47,182.85,181.64,182.31,1368319,26871,182.382131,182.15,False,True,151.0
2021-10-20,182.74,183.18,182.04,182.42,1768926,30196,182.5635,182.95,False,False,200.0
2021-10-21,183.09,183.03,180.52,182.12,1643317,28848,181.5455,181.7,False,True,451.0
2021-10-22,182.57,183.29,180.78,180.8,2567102,36746,181.460771,181.6,False,False,1516.0
2021-10-25,180.5,182.95,179.45,182.4,2678494,43938,181.929754,181.0,False,True,108.0
2021-10-26,181.0,183.82,179.17,182.16,3096998,55578,182.286496,186.79,True,False,4506.0
2021-10-27,182.1,182.34,178.08,178.24,2588527,44417,179.198169,182.7,False,False,598.0
2021-10-28,178.39,180.01,178.24,179.87,1910753,39310,179.456649,178.29,False,True,105.0
2021-10-29,179.56,180.91,178.1196,178.68,2531429,31411,179.056823,179.7,False,False,162.0
2021-11-01,178.68,179.74,177.51,179.58,1990148,31604,179.107759,180.0,False,False,800.0
2021-11-02,179.79,182.1,179.61,181.97,2211992,37885,181.312163,179.45,False,True,110.0
2021-11-03,181.55,182.62,179.98,182.23,1979947,34727,181.32981,182.02,False,True,410.0
2021-11-04,182.62,182.96,180.24,180.61,2051410,33783,181.363438,182.01,False,False,298.0
2021-11-05,182.0,183.82,180.95,181.8,1813465,33888,181.945742,180.6,False,True,100.0
2021-11-08,182.49,183.43,180.27,181.54,1854337,31422,181.35774,181.22,False,True,613.0
2021-11-09,181.91,182.57,180.45,181.33,1773149,29728,181.413872,181.5,True,False,641.0
2021-11-10,181.59,182.84,180.0,182.42,1708279,29380,182.406038,181.04,False,True,100.0
2021-11-11,183.0,183.04,179.51,180.21,1986945,38258,180.462223,182.92,True,False,320.0
2021-11-12,180.79,186.3,180.285,183.66,4403016,56711,183.624756,181.05,True,True,1229.0
2021-11-15,184.16,185.04,182.9,183.31,1460798,31076,183.618468,183.8,False,False,248.0
2021-11-16,183.45,184.2,182.7,183.37,1973421,30156,183.461647,184.0,False,False,100.0
2021-11-17,183.32,183.87,181.63,183.34,2248869,33979,183.065153,183.2,False,True,301.0
2021-11-18,182.09,182.54,178.69,178.77,2533791,36496,179.654673,183.2,True,False,826.0
2021-11-19,179.36,180.81,178.12,179.23,2480660,34195,179.665453,178.7,False,True,232.0
2021-11-22,179.43,182.28,178.78,179.66,2369838,33987,180.38802,180.0,False,False,154.0
2021-11-23,180.77,181.32,178.65,179.46,1939809,31196,179.738146,179.62,False,False,87868.0
2021-11-24,178.78,179.5,177.54,177.63,1485281,27302,178.149727,179.27,True,False,87369.0
2021-11-26,174.22,176.83,173.397,175.52,1907598,37354,175.637841,175.0,False,True,467.0
2021-11-29,176.79,176.8299,174.98,176.23,2322847,36977,176.10887,176.4,False,False,100.0
2021-11-30,174.98,175.86,169.94,170.04,5331408,53755,170.993694,175.0,False,False,240.0
2021-12-01,172.2,174.65,170.7,170.73,3244193,50814,172.446692,172.33,False,False,169.0
2021-12-02,171.5,172.78,169.87,170.26,3351790,49389,170.999695,171.5,False,False,174.0
2021-12-03,170.15,172.91,169.1801,172.59,3012383,48196,171.79634,170.59,False,True,200.0
2021-12-06,174.51,178.28,174.0,177.2,3418107,43920,177.256923,174.0,True,True,452.0
2021-12-07,177.3,178.34,176.18,176.55,2316213,34736,177.126061,178.3,True,False,766.0
2021-12-08,176.25,176.83,174.43,176.04,1925397,32935,175.768298,176.55,False,False,111.0
2021-12-09,176.11,177.395,175.642,175.94,1757663,26761,176.249997,176.34,True,False,3994.0
2021-12-10,178.64,177.94,176.11,177.1,1539986,25901,176.84557,177.2941,False,False,225.0
2021-12-13,177.0,177.3681,174.41,174.58,2529911,36606,174.970448,177.5,True,False,864.0
2021-12-14,175.29,176.6,174.25,174.72,2324055,36090,175.216508,174.61,False,True,331.0
2021-12-15,175.14,176.22,173.88,175.78,2132842,31581,175.398,175.16,True,True,566.0
2021-12-16,175.63,178.94,174.815,178.31,2244853,33504,177.954089,177.19,False,True,1044.0
2021-12-17,177.97,178.32,174.34,174.75,4003998,41399,175.774224,177.86,False,False,285.0
2021-12-20,173.43,173.8768,170.96,172.64,1975850,39317,172.094167,172.6,False,True,562.0
2021-12-21,173.45,173.99,172.22,172.92,1991673,32998,172.908728,173.9,True,False,252.0
2021-12-22,172.96,173.23,171.55,172.64,2019689,26180,172.536221,172.49,False,True,748.0
2021-12-23,173.01,175.62,172.78,174.97,1952088,25143,175.014959,173.0,False,True,101.0
2021-12-27,175.29,176.73,174.91,176.7,1180259,24065,176.163056,175.32,True,True,71294.0
2021-12-28,176.89,178.5,176.75,177.64,1618030,23558,177.543845,177.4599,True,True,68202.0
2021-12-29,177.98,178.89,177.23,178.41,1220555,21434,178.270936,177.97,True,True,342.0
2021-12-30,178.8,179.18,177.58,177.64,1067193,21981,178.044204,178.4,False,False,263.0
2021-12-31,177.43,178.3482,176.51,177.63,1414237,23645,177.553857,177.05,False,True,37332.0
2022-01-03,178.38,179.09,175.84,177.74,1929165,32699,177.337728,178.2,False,False,312.0
2022-01-04,178.51,181.26,178.025,180.23,2521191,43000,180.170601,178.1,False,True,280.0
2022-01-05,177.01,181.78,177.0,179.49,2946836,48699,179.874714,178.0,False,True,166.0
2022-01-06,180.32,181.28,177.54,178.0,2501241,39079,178.617,180.3,True,False,447.0
2022-01-07,178.18,180.49,177.22,179.95,2795319,39407,179.487099,178.3,False,True,126.0
2022-01-10,179.46,179.83,176.78,177.41,2300018,43147,177.854526,179.5,False,False,541.0
2022-01-11,178.0,179.55,176.42,178.98,2266365,37153,178.373438,178.5,False,True,100.0
2022-01-12,179.14,180.01,178.59,179.42,1728807,29817,179.287389,179.5,False,False,100.0
2022-01-13,179.7,181.34,179.03,181.02,2087953,34476,180.645821,180.0,False,True,150.0
2022-01-14,180.405,180.86,177.67,178.74,2281261,40043,178.807265,181.02,False,False,106.0
